"ID","COUNT","Red","Green","Blue","Opacity","X2006.Color_Red","X2006.Color_Green","X2006.Color_Blue","X2011.Color_Red","X2011.Color_Green","X2011.Color_Blue","Change.Color_Red","Change.Color_Green","Change.Color_Blue","X2006.Code","X2011.Code","X2006.2011.Code","X2006.Class","X2011.Class","X2006.2011.Class"
4,0,221,201,201,255,0,0.976470588235294,0,0.866666666666667,0.788235294117647,0.788235294117647,0.866666666666667,0.788235294117647,0.788235294117647,1,21,121,"Unclassified","Developed, Open Space","Unclassified to Developed, Open Space"
5,0,216,147,130,255,0,0.976470588235294,0,0.847058823529412,0.576470588235294,0.509803921568627,0.847058823529412,0.576470588235294,0.509803921568627,1,22,122,"Unclassified","Developed, Low Intensity","Unclassified to Developed, Low Intensity"
6,0,237,0,0,255,0,0.976470588235294,0,0.929411764705882,0,0,0.929411764705882,0,0,1,23,123,"Unclassified","Developed, Medium Intensity","Unclassified to Developed, Medium Intensity"
7,0,170,0,0,255,0,0.976470588235294,0,0.666666666666667,0,0,0.666666666666667,0,0,1,24,124,"Unclassified","Developed, High Intensity","Unclassified to Developed, High Intensity"
9,0,104,170,99,255,0,0.976470588235294,0,0.407843137254902,0.666666666666667,0.388235294117647,0.407843137254902,0.666666666666667,0.388235294117647,1,41,141,"Unclassified","Deciduous Forest","Unclassified to Deciduous Forest"
10,0,28,99,48,255,0,0.976470588235294,0,0.109803921568627,0.388235294117647,0.188235294117647,0.109803921568627,0.388235294117647,0.188235294117647,1,42,142,"Unclassified","Evergreen Forest","Unclassified to Evergreen Forest"
11,0,181,201,142,255,0,0.976470588235294,0,0.709803921568627,0.788235294117647,0.556862745098039,0.709803921568627,0.788235294117647,0.556862745098039,1,43,143,"Unclassified","Mixed Forest","Unclassified to Mixed Forest"
12,0,204,186,124,255,0,0.976470588235294,0,0.8,0.729411764705882,0.486274509803922,0.8,0.729411764705882,0.486274509803922,1,52,152,"Unclassified","Shrub/Scrub","Unclassified to Shrub/Scrub"
13,0,226,226,193,255,0,0.976470588235294,0,0.886274509803922,0.886274509803922,0.756862745098039,0.886274509803922,0.886274509803922,0.756862745098039,1,71,171,"Unclassified","Grassland/Herbaceous","Unclassified to Grassland/Herbaceous"
14,0,219,216,61,255,0,0.976470588235294,0,0.858823529411765,0.847058823529412,0.235294117647059,0.858823529411765,0.847058823529412,0.235294117647059,1,81,181,"Unclassified","Pasture/Hay","Unclassified to Pasture/Hay"
15,0,170,112,40,255,0,0.976470588235294,0,0.666666666666667,0.43921568627451,0.156862745098039,0.666666666666667,0.43921568627451,0.156862745098039,1,82,182,"Unclassified","Cultivated Crops","Unclassified to Cultivated Crops"
21,20797,221,201,201,255,0.27843137254902,0.419607843137255,0.627450980392157,0.866666666666667,0.788235294117647,0.788235294117647,0.866666666666667,0.788235294117647,0.788235294117647,11,21,1121,"Open Water","Developed, Open Space","Open Water to Developed, Open Space"
22,12190,216,147,130,255,0.27843137254902,0.419607843137255,0.627450980392157,0.847058823529412,0.576470588235294,0.509803921568627,0.847058823529412,0.576470588235294,0.509803921568627,11,22,1122,"Open Water","Developed, Low Intensity","Open Water to Developed, Low Intensity"
23,8476,237,0,0,255,0.27843137254902,0.419607843137255,0.627450980392157,0.929411764705882,0,0,0.929411764705882,0,0,11,23,1123,"Open Water","Developed, Medium Intensity","Open Water to Developed, Medium Intensity"
24,4930,170,0,0,255,0.27843137254902,0.419607843137255,0.627450980392157,0.666666666666667,0,0,0.666666666666667,0,0,11,24,1124,"Open Water","Developed, High Intensity","Open Water to Developed, High Intensity"
26,22686,104,170,99,255,0.27843137254902,0.419607843137255,0.627450980392157,0.407843137254902,0.666666666666667,0.388235294117647,0.407843137254902,0.666666666666667,0.388235294117647,11,41,1141,"Open Water","Deciduous Forest","Open Water to Deciduous Forest"
27,23156,28,99,48,255,0.27843137254902,0.419607843137255,0.627450980392157,0.109803921568627,0.388235294117647,0.188235294117647,0.109803921568627,0.388235294117647,0.188235294117647,11,42,1142,"Open Water","Evergreen Forest","Open Water to Evergreen Forest"
28,3349,181,201,142,255,0.27843137254902,0.419607843137255,0.627450980392157,0.709803921568627,0.788235294117647,0.556862745098039,0.709803921568627,0.788235294117647,0.556862745098039,11,43,1143,"Open Water","Mixed Forest","Open Water to Mixed Forest"
29,195410,204,186,124,255,0.27843137254902,0.419607843137255,0.627450980392157,0.8,0.729411764705882,0.486274509803922,0.8,0.729411764705882,0.486274509803922,11,52,1152,"Open Water","Shrub/Scrub","Open Water to Shrub/Scrub"
30,171970,226,226,193,255,0.27843137254902,0.419607843137255,0.627450980392157,0.886274509803922,0.886274509803922,0.756862745098039,0.886274509803922,0.886274509803922,0.756862745098039,11,71,1171,"Open Water","Grassland/Herbaceous","Open Water to Grassland/Herbaceous"
31,25690,219,216,61,255,0.27843137254902,0.419607843137255,0.627450980392157,0.858823529411765,0.847058823529412,0.235294117647059,0.858823529411765,0.847058823529412,0.235294117647059,11,81,1181,"Open Water","Pasture/Hay","Open Water to Pasture/Hay"
32,195024,170,112,40,255,0.27843137254902,0.419607843137255,0.627450980392157,0.666666666666667,0.43921568627451,0.156862745098039,0.666666666666667,0.43921568627451,0.156862745098039,11,82,1182,"Open Water","Cultivated Crops","Open Water to Cultivated Crops"
38,0,221,201,201,255,0.819607843137255,0.866666666666667,0.976470588235294,0.866666666666667,0.788235294117647,0.788235294117647,0.866666666666667,0.788235294117647,0.788235294117647,12,21,1221,"Perennial Ice/Snow","Developed, Open Space","Perennial Ice/Snow to Developed, Open Space"
39,0,216,147,130,255,0.819607843137255,0.866666666666667,0.976470588235294,0.847058823529412,0.576470588235294,0.509803921568627,0.847058823529412,0.576470588235294,0.509803921568627,12,22,1222,"Perennial Ice/Snow","Developed, Low Intensity","Perennial Ice/Snow to Developed, Low Intensity"
40,0,237,0,0,255,0.819607843137255,0.866666666666667,0.976470588235294,0.929411764705882,0,0,0.929411764705882,0,0,12,23,1223,"Perennial Ice/Snow","Developed, Medium Intensity","Perennial Ice/Snow to Developed, Medium Intensity"
41,0,170,0,0,255,0.819607843137255,0.866666666666667,0.976470588235294,0.666666666666667,0,0,0.666666666666667,0,0,12,24,1224,"Perennial Ice/Snow","Developed, High Intensity","Perennial Ice/Snow to Developed, High Intensity"
43,0,104,170,99,255,0.819607843137255,0.866666666666667,0.976470588235294,0.407843137254902,0.666666666666667,0.388235294117647,0.407843137254902,0.666666666666667,0.388235294117647,12,41,1241,"Perennial Ice/Snow","Deciduous Forest","Perennial Ice/Snow to Deciduous Forest"
44,0,28,99,48,255,0.819607843137255,0.866666666666667,0.976470588235294,0.109803921568627,0.388235294117647,0.188235294117647,0.109803921568627,0.388235294117647,0.188235294117647,12,42,1242,"Perennial Ice/Snow","Evergreen Forest","Perennial Ice/Snow to Evergreen Forest"
45,0,181,201,142,255,0.819607843137255,0.866666666666667,0.976470588235294,0.709803921568627,0.788235294117647,0.556862745098039,0.709803921568627,0.788235294117647,0.556862745098039,12,43,1243,"Perennial Ice/Snow","Mixed Forest","Perennial Ice/Snow to Mixed Forest"
46,7,204,186,124,255,0.819607843137255,0.866666666666667,0.976470588235294,0.8,0.729411764705882,0.486274509803922,0.8,0.729411764705882,0.486274509803922,12,52,1252,"Perennial Ice/Snow","Shrub/Scrub","Perennial Ice/Snow to Shrub/Scrub"
47,0,226,226,193,255,0.819607843137255,0.866666666666667,0.976470588235294,0.886274509803922,0.886274509803922,0.756862745098039,0.886274509803922,0.886274509803922,0.756862745098039,12,71,1271,"Perennial Ice/Snow","Grassland/Herbaceous","Perennial Ice/Snow to Grassland/Herbaceous"
48,0,219,216,61,255,0.819607843137255,0.866666666666667,0.976470588235294,0.858823529411765,0.847058823529412,0.235294117647059,0.858823529411765,0.847058823529412,0.235294117647059,12,81,1281,"Perennial Ice/Snow","Pasture/Hay","Perennial Ice/Snow to Pasture/Hay"
49,0,170,112,40,255,0.819607843137255,0.866666666666667,0.976470588235294,0.666666666666667,0.43921568627451,0.156862745098039,0.666666666666667,0.43921568627451,0.156862745098039,12,82,1282,"Perennial Ice/Snow","Cultivated Crops","Perennial Ice/Snow to Cultivated Crops"
52,0,0,249,0,255,0.866666666666667,0.788235294117647,0.788235294117647,0,0.976470588235294,0,0,0.976470588235294,0,21,1,212,"Developed, Open Space","Unclassified","Developed, Open Space to Unclassified"
53,0,71,107,160,255,0.866666666666667,0.788235294117647,0.788235294117647,0.27843137254902,0.419607843137255,0.627450980392157,0.27843137254902,0.419607843137255,0.627450980392157,21,11,2111,"Developed, Open Space","Open Water","Developed, Open Space to Open Water"
54,0,209,221,249,255,0.866666666666667,0.788235294117647,0.788235294117647,0.819607843137255,0.866666666666667,0.976470588235294,0.819607843137255,0.866666666666667,0.976470588235294,21,12,2112,"Developed, Open Space","Perennial Ice/Snow","Developed, Open Space to Perennial Ice/Snow"
55,288864944,0,0,0,255,0.866666666666667,0.788235294117647,0.788235294117647,0.866666666666667,0.788235294117647,0.788235294117647,0,0,0,21,21,2121,"Developed, Open Space","Developed, Open Space","Developed, Open Space to Developed, Open Space"
56,408933,216,147,130,255,0.866666666666667,0.788235294117647,0.788235294117647,0.847058823529412,0.576470588235294,0.509803921568627,0.847058823529412,0.576470588235294,0.509803921568627,21,22,2122,"Developed, Open Space","Developed, Low Intensity","Developed, Open Space to Developed, Low Intensity"
57,1706553,237,0,0,255,0.866666666666667,0.788235294117647,0.788235294117647,0.929411764705882,0,0,0.929411764705882,0,0,21,23,2123,"Developed, Open Space","Developed, Medium Intensity","Developed, Open Space to Developed, Medium Intensity"
58,359392,170,0,0,255,0.866666666666667,0.788235294117647,0.788235294117647,0.666666666666667,0,0,0.666666666666667,0,0,21,24,2124,"Developed, Open Space","Developed, High Intensity","Developed, Open Space to Developed, High Intensity"
59,0,178,173,163,255,0.866666666666667,0.788235294117647,0.788235294117647,0.698039215686274,0.67843137254902,0.63921568627451,0.698039215686274,0.67843137254902,0.63921568627451,21,31,2131,"Developed, Open Space","Barren Land","Developed, Open Space to Barren Land"
60,0,104,170,99,255,0.866666666666667,0.788235294117647,0.788235294117647,0.407843137254902,0.666666666666667,0.388235294117647,0.407843137254902,0.666666666666667,0.388235294117647,21,41,2141,"Developed, Open Space","Deciduous Forest","Developed, Open Space to Deciduous Forest"
61,0,28,99,48,255,0.866666666666667,0.788235294117647,0.788235294117647,0.109803921568627,0.388235294117647,0.188235294117647,0.109803921568627,0.388235294117647,0.188235294117647,21,42,2142,"Developed, Open Space","Evergreen Forest","Developed, Open Space to Evergreen Forest"
62,0,181,201,142,255,0.866666666666667,0.788235294117647,0.788235294117647,0.709803921568627,0.788235294117647,0.556862745098039,0.709803921568627,0.788235294117647,0.556862745098039,21,43,2143,"Developed, Open Space","Mixed Forest","Developed, Open Space to Mixed Forest"
63,0,204,186,124,255,0.866666666666667,0.788235294117647,0.788235294117647,0.8,0.729411764705882,0.486274509803922,0.8,0.729411764705882,0.486274509803922,21,52,2152,"Developed, Open Space","Shrub/Scrub","Developed, Open Space to Shrub/Scrub"
64,0,226,226,193,255,0.866666666666667,0.788235294117647,0.788235294117647,0.886274509803922,0.886274509803922,0.756862745098039,0.886274509803922,0.886274509803922,0.756862745098039,21,71,2171,"Developed, Open Space","Grassland/Herbaceous","Developed, Open Space to Grassland/Herbaceous"
65,0,219,216,61,255,0.866666666666667,0.788235294117647,0.788235294117647,0.858823529411765,0.847058823529412,0.235294117647059,0.858823529411765,0.847058823529412,0.235294117647059,21,81,2181,"Developed, Open Space","Pasture/Hay","Developed, Open Space to Pasture/Hay"
66,0,170,112,40,255,0.866666666666667,0.788235294117647,0.788235294117647,0.666666666666667,0.43921568627451,0.156862745098039,0.666666666666667,0.43921568627451,0.156862745098039,21,82,2182,"Developed, Open Space","Cultivated Crops","Developed, Open Space to Cultivated Crops"
67,0,186,216,234,255,0.866666666666667,0.788235294117647,0.788235294117647,0.729411764705882,0.847058823529412,0.917647058823529,0.729411764705882,0.847058823529412,0.917647058823529,21,90,2190,"Developed, Open Space","Woody Wetlands","Developed, Open Space to Woody Wetlands"
68,0,112,163,186,255,0.866666666666667,0.788235294117647,0.788235294117647,0.43921568627451,0.63921568627451,0.729411764705882,0.43921568627451,0.63921568627451,0.729411764705882,21,95,2195,"Developed, Open Space","Emergent Herbaceous Wetlands","Developed, Open Space to Emergent Herbaceous Wetlands"
69,0,0,249,0,255,0.847058823529412,0.576470588235294,0.509803921568627,0,0.976470588235294,0,0,0.976470588235294,0,22,1,221,"Developed, Low Intensity","Unclassified","Developed, Low Intensity to Unclassified"
70,0,71,107,160,255,0.847058823529412,0.576470588235294,0.509803921568627,0.27843137254902,0.419607843137255,0.627450980392157,0.27843137254902,0.419607843137255,0.627450980392157,22,11,2211,"Developed, Low Intensity","Open Water","Developed, Low Intensity to Open Water"
71,0,209,221,249,255,0.847058823529412,0.576470588235294,0.509803921568627,0.819607843137255,0.866666666666667,0.976470588235294,0.819607843137255,0.866666666666667,0.976470588235294,22,12,2212,"Developed, Low Intensity","Perennial Ice/Snow","Developed, Low Intensity to Perennial Ice/Snow"
72,0,221,201,201,255,0.847058823529412,0.576470588235294,0.509803921568627,0.866666666666667,0.788235294117647,0.788235294117647,0.866666666666667,0.788235294117647,0.788235294117647,22,21,2221,"Developed, Low Intensity","Developed, Open Space","Developed, Low Intensity to Developed, Open Space"
73,128452534,0,0,0,255,0.847058823529412,0.576470588235294,0.509803921568627,0.847058823529412,0.576470588235294,0.509803921568627,0,0,0,22,22,2222,"Developed, Low Intensity","Developed, Low Intensity","Developed, Low Intensity to Developed, Low Intensity"
74,658047,237,0,0,255,0.847058823529412,0.576470588235294,0.509803921568627,0.929411764705882,0,0,0.929411764705882,0,0,22,23,2223,"Developed, Low Intensity","Developed, Medium Intensity","Developed, Low Intensity to Developed, Medium Intensity"
75,581074,170,0,0,255,0.847058823529412,0.576470588235294,0.509803921568627,0.666666666666667,0,0,0.666666666666667,0,0,22,24,2224,"Developed, Low Intensity","Developed, High Intensity","Developed, Low Intensity to Developed, High Intensity"
76,0,178,173,163,255,0.847058823529412,0.576470588235294,0.509803921568627,0.698039215686274,0.67843137254902,0.63921568627451,0.698039215686274,0.67843137254902,0.63921568627451,22,31,2231,"Developed, Low Intensity","Barren Land","Developed, Low Intensity to Barren Land"
77,0,104,170,99,255,0.847058823529412,0.576470588235294,0.509803921568627,0.407843137254902,0.666666666666667,0.388235294117647,0.407843137254902,0.666666666666667,0.388235294117647,22,41,2241,"Developed, Low Intensity","Deciduous Forest","Developed, Low Intensity to Deciduous Forest"
78,0,28,99,48,255,0.847058823529412,0.576470588235294,0.509803921568627,0.109803921568627,0.388235294117647,0.188235294117647,0.109803921568627,0.388235294117647,0.188235294117647,22,42,2242,"Developed, Low Intensity","Evergreen Forest","Developed, Low Intensity to Evergreen Forest"
79,0,181,201,142,255,0.847058823529412,0.576470588235294,0.509803921568627,0.709803921568627,0.788235294117647,0.556862745098039,0.709803921568627,0.788235294117647,0.556862745098039,22,43,2243,"Developed, Low Intensity","Mixed Forest","Developed, Low Intensity to Mixed Forest"
80,0,204,186,124,255,0.847058823529412,0.576470588235294,0.509803921568627,0.8,0.729411764705882,0.486274509803922,0.8,0.729411764705882,0.486274509803922,22,52,2252,"Developed, Low Intensity","Shrub/Scrub","Developed, Low Intensity to Shrub/Scrub"
81,0,226,226,193,255,0.847058823529412,0.576470588235294,0.509803921568627,0.886274509803922,0.886274509803922,0.756862745098039,0.886274509803922,0.886274509803922,0.756862745098039,22,71,2271,"Developed, Low Intensity","Grassland/Herbaceous","Developed, Low Intensity to Grassland/Herbaceous"
82,0,219,216,61,255,0.847058823529412,0.576470588235294,0.509803921568627,0.858823529411765,0.847058823529412,0.235294117647059,0.858823529411765,0.847058823529412,0.235294117647059,22,81,2281,"Developed, Low Intensity","Pasture/Hay","Developed, Low Intensity to Pasture/Hay"
83,0,170,112,40,255,0.847058823529412,0.576470588235294,0.509803921568627,0.666666666666667,0.43921568627451,0.156862745098039,0.666666666666667,0.43921568627451,0.156862745098039,22,82,2282,"Developed, Low Intensity","Cultivated Crops","Developed, Low Intensity to Cultivated Crops"
84,0,186,216,234,255,0.847058823529412,0.576470588235294,0.509803921568627,0.729411764705882,0.847058823529412,0.917647058823529,0.729411764705882,0.847058823529412,0.917647058823529,22,90,2290,"Developed, Low Intensity","Woody Wetlands","Developed, Low Intensity to Woody Wetlands"
85,0,112,163,186,255,0.847058823529412,0.576470588235294,0.509803921568627,0.43921568627451,0.63921568627451,0.729411764705882,0.43921568627451,0.63921568627451,0.729411764705882,22,95,2295,"Developed, Low Intensity","Emergent Herbaceous Wetlands","Developed, Low Intensity to Emergent Herbaceous Wetlands"
86,0,0,249,0,255,0.929411764705882,0,0,0,0.976470588235294,0,0,0.976470588235294,0,23,1,231,"Developed, Medium Intensity","Unclassified","Developed, Medium Intensity to Unclassified"
87,0,71,107,160,255,0.929411764705882,0,0,0.27843137254902,0.419607843137255,0.627450980392157,0.27843137254902,0.419607843137255,0.627450980392157,23,11,2311,"Developed, Medium Intensity","Open Water","Developed, Medium Intensity to Open Water"
88,0,209,221,249,255,0.929411764705882,0,0,0.819607843137255,0.866666666666667,0.976470588235294,0.819607843137255,0.866666666666667,0.976470588235294,23,12,2312,"Developed, Medium Intensity","Perennial Ice/Snow","Developed, Medium Intensity to Perennial Ice/Snow"
89,0,221,201,201,255,0.929411764705882,0,0,0.866666666666667,0.788235294117647,0.788235294117647,0.866666666666667,0.788235294117647,0.788235294117647,23,21,2321,"Developed, Medium Intensity","Developed, Open Space","Developed, Medium Intensity to Developed, Open Space"
90,0,216,147,130,255,0.929411764705882,0,0,0.847058823529412,0.576470588235294,0.509803921568627,0.847058823529412,0.576470588235294,0.509803921568627,23,22,2322,"Developed, Medium Intensity","Developed, Low Intensity","Developed, Medium Intensity to Developed, Low Intensity"
91,55356076,0,0,0,255,0.929411764705882,0,0,0.929411764705882,0,0,0,0,0,23,23,2323,"Developed, Medium Intensity","Developed, Medium Intensity","Developed, Medium Intensity to Developed, Medium Intensity"
92,91110,170,0,0,255,0.929411764705882,0,0,0.666666666666667,0,0,0.666666666666667,0,0,23,24,2324,"Developed, Medium Intensity","Developed, High Intensity","Developed, Medium Intensity to Developed, High Intensity"
93,0,178,173,163,255,0.929411764705882,0,0,0.698039215686274,0.67843137254902,0.63921568627451,0.698039215686274,0.67843137254902,0.63921568627451,23,31,2331,"Developed, Medium Intensity","Barren Land","Developed, Medium Intensity to Barren Land"
94,0,104,170,99,255,0.929411764705882,0,0,0.407843137254902,0.666666666666667,0.388235294117647,0.407843137254902,0.666666666666667,0.388235294117647,23,41,2341,"Developed, Medium Intensity","Deciduous Forest","Developed, Medium Intensity to Deciduous Forest"
95,0,28,99,48,255,0.929411764705882,0,0,0.109803921568627,0.388235294117647,0.188235294117647,0.109803921568627,0.388235294117647,0.188235294117647,23,42,2342,"Developed, Medium Intensity","Evergreen Forest","Developed, Medium Intensity to Evergreen Forest"
96,0,181,201,142,255,0.929411764705882,0,0,0.709803921568627,0.788235294117647,0.556862745098039,0.709803921568627,0.788235294117647,0.556862745098039,23,43,2343,"Developed, Medium Intensity","Mixed Forest","Developed, Medium Intensity to Mixed Forest"
97,0,204,186,124,255,0.929411764705882,0,0,0.8,0.729411764705882,0.486274509803922,0.8,0.729411764705882,0.486274509803922,23,52,2352,"Developed, Medium Intensity","Shrub/Scrub","Developed, Medium Intensity to Shrub/Scrub"
98,0,226,226,193,255,0.929411764705882,0,0,0.886274509803922,0.886274509803922,0.756862745098039,0.886274509803922,0.886274509803922,0.756862745098039,23,71,2371,"Developed, Medium Intensity","Grassland/Herbaceous","Developed, Medium Intensity to Grassland/Herbaceous"
99,0,219,216,61,255,0.929411764705882,0,0,0.858823529411765,0.847058823529412,0.235294117647059,0.858823529411765,0.847058823529412,0.235294117647059,23,81,2381,"Developed, Medium Intensity","Pasture/Hay","Developed, Medium Intensity to Pasture/Hay"
100,0,170,112,40,255,0.929411764705882,0,0,0.666666666666667,0.43921568627451,0.156862745098039,0.666666666666667,0.43921568627451,0.156862745098039,23,82,2382,"Developed, Medium Intensity","Cultivated Crops","Developed, Medium Intensity to Cultivated Crops"
101,0,186,216,234,255,0.929411764705882,0,0,0.729411764705882,0.847058823529412,0.917647058823529,0.729411764705882,0.847058823529412,0.917647058823529,23,90,2390,"Developed, Medium Intensity","Woody Wetlands","Developed, Medium Intensity to Woody Wetlands"
102,0,112,163,186,255,0.929411764705882,0,0,0.43921568627451,0.63921568627451,0.729411764705882,0.43921568627451,0.63921568627451,0.729411764705882,23,95,2395,"Developed, Medium Intensity","Emergent Herbaceous Wetlands","Developed, Medium Intensity to Emergent Herbaceous Wetlands"
103,0,0,249,0,255,0.709803921568627,0,0,0,0.976470588235294,0,0,0.976470588235294,0,24,1,241,"Developed, High Intensity","Unclassified","Developed, High Intensity to Unclassified"
104,0,71,107,160,255,0.709803921568627,0,0,0.27843137254902,0.419607843137255,0.627450980392157,0.27843137254902,0.419607843137255,0.627450980392157,24,11,2411,"Developed, High Intensity","Open Water","Developed, High Intensity to Open Water"
105,0,209,221,249,255,0.709803921568627,0,0,0.819607843137255,0.866666666666667,0.976470588235294,0.819607843137255,0.866666666666667,0.976470588235294,24,12,2412,"Developed, High Intensity","Perennial Ice/Snow","Developed, High Intensity to Perennial Ice/Snow"
106,0,221,201,201,255,0.709803921568627,0,0,0.866666666666667,0.788235294117647,0.788235294117647,0.866666666666667,0.788235294117647,0.788235294117647,24,21,2421,"Developed, High Intensity","Developed, Open Space","Developed, High Intensity to Developed, Open Space"
107,0,216,147,130,255,0.709803921568627,0,0,0.847058823529412,0.576470588235294,0.509803921568627,0.847058823529412,0.576470588235294,0.509803921568627,24,22,2422,"Developed, High Intensity","Developed, Low Intensity","Developed, High Intensity to Developed, Low Intensity"
108,0,237,0,0,255,0.709803921568627,0,0,0.929411764705882,0,0,0.929411764705882,0,0,24,23,2423,"Developed, High Intensity","Developed, Medium Intensity","Developed, High Intensity to Developed, Medium Intensity"
109,19812608,0,0,0,255,0.709803921568627,0,0,0.666666666666667,0,0,0,0,0,24,24,2424,"Developed, High Intensity","Developed, High Intensity","Developed, High Intensity to Developed, High Intensity"
110,0,178,173,163,255,0.709803921568627,0,0,0.698039215686274,0.67843137254902,0.63921568627451,0.698039215686274,0.67843137254902,0.63921568627451,24,31,2431,"Developed, High Intensity","Barren Land","Developed, High Intensity to Barren Land"
111,0,104,170,99,255,0.709803921568627,0,0,0.407843137254902,0.666666666666667,0.388235294117647,0.407843137254902,0.666666666666667,0.388235294117647,24,41,2441,"Developed, High Intensity","Deciduous Forest","Developed, High Intensity to Deciduous Forest"
112,0,28,99,48,255,0.709803921568627,0,0,0.109803921568627,0.388235294117647,0.188235294117647,0.109803921568627,0.388235294117647,0.188235294117647,24,42,2442,"Developed, High Intensity","Evergreen Forest","Developed, High Intensity to Evergreen Forest"
113,0,181,201,142,255,0.709803921568627,0,0,0.709803921568627,0.788235294117647,0.556862745098039,0.709803921568627,0.788235294117647,0.556862745098039,24,43,2443,"Developed, High Intensity","Mixed Forest","Developed, High Intensity to Mixed Forest"
114,0,204,186,124,255,0.709803921568627,0,0,0.8,0.729411764705882,0.486274509803922,0.8,0.729411764705882,0.486274509803922,24,52,2452,"Developed, High Intensity","Shrub/Scrub","Developed, High Intensity to Shrub/Scrub"
115,0,226,226,193,255,0.709803921568627,0,0,0.886274509803922,0.886274509803922,0.756862745098039,0.886274509803922,0.886274509803922,0.756862745098039,24,71,2471,"Developed, High Intensity","Grassland/Herbaceous","Developed, High Intensity to Grassland/Herbaceous"
116,0,219,216,61,255,0.709803921568627,0,0,0.858823529411765,0.847058823529412,0.235294117647059,0.858823529411765,0.847058823529412,0.235294117647059,24,81,2481,"Developed, High Intensity","Pasture/Hay","Developed, High Intensity to Pasture/Hay"
117,0,170,112,40,255,0.709803921568627,0,0,0.666666666666667,0.43921568627451,0.156862745098039,0.666666666666667,0.43921568627451,0.156862745098039,24,82,2482,"Developed, High Intensity","Cultivated Crops","Developed, High Intensity to Cultivated Crops"
118,0,186,216,234,255,0.709803921568627,0,0,0.729411764705882,0.847058823529412,0.917647058823529,0.729411764705882,0.847058823529412,0.917647058823529,24,90,2490,"Developed, High Intensity","Woody Wetlands","Developed, High Intensity to Woody Wetlands"
119,0,112,163,186,255,0.709803921568627,0,0,0.43921568627451,0.63921568627451,0.729411764705882,0.43921568627451,0.63921568627451,0.729411764705882,24,95,2495,"Developed, High Intensity","Emergent Herbaceous Wetlands","Developed, High Intensity to Emergent Herbaceous Wetlands"
123,92634,221,201,201,255,0.698039215686274,0.67843137254902,0.63921568627451,0.866666666666667,0.788235294117647,0.788235294117647,0.866666666666667,0.788235294117647,0.788235294117647,31,21,3121,"Barren Land","Developed, Open Space","Barren Land to Developed, Open Space"
124,132742,216,147,130,255,0.698039215686274,0.67843137254902,0.63921568627451,0.847058823529412,0.576470588235294,0.509803921568627,0.847058823529412,0.576470588235294,0.509803921568627,31,22,3122,"Barren Land","Developed, Low Intensity","Barren Land to Developed, Low Intensity"
125,133174,237,0,0,255,0.698039215686274,0.67843137254902,0.63921568627451,0.929411764705882,0,0,0.929411764705882,0,0,31,23,3123,"Barren Land","Developed, Medium Intensity","Barren Land to Developed, Medium Intensity"
126,52325,170,0,0,255,0.698039215686274,0.67843137254902,0.63921568627451,0.666666666666667,0,0,0.666666666666667,0,0,31,24,3124,"Barren Land","Developed, High Intensity","Barren Land to Developed, High Intensity"
128,25525,104,170,99,255,0.698039215686274,0.67843137254902,0.63921568627451,0.407843137254902,0.666666666666667,0.388235294117647,0.407843137254902,0.666666666666667,0.388235294117647,31,41,3141,"Barren Land","Deciduous Forest","Barren Land to Deciduous Forest"
129,71029,28,99,48,255,0.698039215686274,0.67843137254902,0.63921568627451,0.109803921568627,0.388235294117647,0.188235294117647,0.109803921568627,0.388235294117647,0.188235294117647,31,42,3142,"Barren Land","Evergreen Forest","Barren Land to Evergreen Forest"
130,4008,181,201,142,255,0.698039215686274,0.67843137254902,0.63921568627451,0.709803921568627,0.788235294117647,0.556862745098039,0.709803921568627,0.788235294117647,0.556862745098039,31,43,3143,"Barren Land","Mixed Forest","Barren Land to Mixed Forest"
131,747519,204,186,124,255,0.698039215686274,0.67843137254902,0.63921568627451,0.8,0.729411764705882,0.486274509803922,0.8,0.729411764705882,0.486274509803922,31,52,3152,"Barren Land","Shrub/Scrub","Barren Land to Shrub/Scrub"
132,1133133,226,226,193,255,0.698039215686274,0.67843137254902,0.63921568627451,0.886274509803922,0.886274509803922,0.756862745098039,0.886274509803922,0.886274509803922,0.756862745098039,31,71,3171,"Barren Land","Grassland/Herbaceous","Barren Land to Grassland/Herbaceous"
133,50993,219,216,61,255,0.698039215686274,0.67843137254902,0.63921568627451,0.858823529411765,0.847058823529412,0.235294117647059,0.858823529411765,0.847058823529412,0.235294117647059,31,81,3181,"Barren Land","Pasture/Hay","Barren Land to Pasture/Hay"
134,53043,170,112,40,255,0.698039215686274,0.67843137254902,0.63921568627451,0.666666666666667,0.43921568627451,0.156862745098039,0.666666666666667,0.43921568627451,0.156862745098039,31,82,3182,"Barren Land","Cultivated Crops","Barren Land to Cultivated Crops"
137,0,0,249,0,255,0.407843137254902,0.666666666666667,0.388235294117647,0,0.976470588235294,0,0,0.976470588235294,0,41,1,411,"Deciduous Forest","Unclassified","Deciduous Forest to Unclassified"
138,165904,71,107,160,255,0.407843137254902,0.666666666666667,0.388235294117647,0.27843137254902,0.419607843137255,0.627450980392157,0.27843137254902,0.419607843137255,0.627450980392157,41,11,4111,"Deciduous Forest","Open Water","Deciduous Forest to Open Water"
139,0,209,221,249,255,0.407843137254902,0.666666666666667,0.388235294117647,0.819607843137255,0.866666666666667,0.976470588235294,0.819607843137255,0.866666666666667,0.976470588235294,41,12,4112,"Deciduous Forest","Perennial Ice/Snow","Deciduous Forest to Perennial Ice/Snow"
140,536421,221,201,201,255,0.407843137254902,0.666666666666667,0.388235294117647,0.866666666666667,0.788235294117647,0.788235294117647,0.866666666666667,0.788235294117647,0.788235294117647,41,21,4121,"Deciduous Forest","Developed, Open Space","Deciduous Forest to Developed, Open Space"
141,347847,216,147,130,255,0.407843137254902,0.666666666666667,0.388235294117647,0.847058823529412,0.576470588235294,0.509803921568627,0.847058823529412,0.576470588235294,0.509803921568627,41,22,4122,"Deciduous Forest","Developed, Low Intensity","Deciduous Forest to Developed, Low Intensity"
142,168888,237,0,0,255,0.407843137254902,0.666666666666667,0.388235294117647,0.929411764705882,0,0,0.929411764705882,0,0,41,23,4123,"Deciduous Forest","Developed, Medium Intensity","Deciduous Forest to Developed, Medium Intensity"
143,55497,170,0,0,255,0.407843137254902,0.666666666666667,0.388235294117647,0.666666666666667,0,0,0.666666666666667,0,0,41,24,4124,"Deciduous Forest","Developed, High Intensity","Deciduous Forest to Developed, High Intensity"
144,637424,178,173,163,255,0.407843137254902,0.666666666666667,0.388235294117647,0.698039215686274,0.67843137254902,0.63921568627451,0.698039215686274,0.67843137254902,0.63921568627451,41,31,4131,"Deciduous Forest","Barren Land","Deciduous Forest to Barren Land"
145,970472768,0,0,0,255,0.407843137254902,0.666666666666667,0.388235294117647,0.407843137254902,0.666666666666667,0.388235294117647,0,0,0,41,41,4141,"Deciduous Forest","Deciduous Forest","Deciduous Forest to Deciduous Forest"
146,74057,28,99,48,255,0.407843137254902,0.666666666666667,0.388235294117647,0.109803921568627,0.388235294117647,0.188235294117647,0.109803921568627,0.388235294117647,0.188235294117647,41,42,4142,"Deciduous Forest","Evergreen Forest","Deciduous Forest to Evergreen Forest"
147,24473,181,201,142,255,0.407843137254902,0.666666666666667,0.388235294117647,0.709803921568627,0.788235294117647,0.556862745098039,0.709803921568627,0.788235294117647,0.556862745098039,41,43,4143,"Deciduous Forest","Mixed Forest","Deciduous Forest to Mixed Forest"
148,5525380,204,186,124,255,0.407843137254902,0.666666666666667,0.388235294117647,0.8,0.729411764705882,0.486274509803922,0.8,0.729411764705882,0.486274509803922,41,52,4152,"Deciduous Forest","Shrub/Scrub","Deciduous Forest to Shrub/Scrub"
149,6236763,226,226,193,255,0.407843137254902,0.666666666666667,0.388235294117647,0.886274509803922,0.886274509803922,0.756862745098039,0.886274509803922,0.886274509803922,0.756862745098039,41,71,4171,"Deciduous Forest","Grassland/Herbaceous","Deciduous Forest to Grassland/Herbaceous"
150,443182,219,216,61,255,0.407843137254902,0.666666666666667,0.388235294117647,0.858823529411765,0.847058823529412,0.235294117647059,0.858823529411765,0.847058823529412,0.235294117647059,41,81,4181,"Deciduous Forest","Pasture/Hay","Deciduous Forest to Pasture/Hay"
151,317440,170,112,40,255,0.407843137254902,0.666666666666667,0.388235294117647,0.666666666666667,0.43921568627451,0.156862745098039,0.666666666666667,0.43921568627451,0.156862745098039,41,82,4182,"Deciduous Forest","Cultivated Crops","Deciduous Forest to Cultivated Crops"
152,187634,186,216,234,255,0.407843137254902,0.666666666666667,0.388235294117647,0.729411764705882,0.847058823529412,0.917647058823529,0.729411764705882,0.847058823529412,0.917647058823529,41,90,4190,"Deciduous Forest","Woody Wetlands","Deciduous Forest to Woody Wetlands"
153,81244,112,163,186,255,0.407843137254902,0.666666666666667,0.388235294117647,0.43921568627451,0.63921568627451,0.729411764705882,0.43921568627451,0.63921568627451,0.729411764705882,41,95,4195,"Deciduous Forest","Emergent Herbaceous Wetlands","Deciduous Forest to Emergent Herbaceous Wetlands"
154,0,0,249,0,255,0.109803921568627,0.388235294117647,0.188235294117647,0,0.976470588235294,0,0,0.976470588235294,0,42,1,421,"Evergreen Forest","Unclassified","Evergreen Forest to Unclassified"
155,62153,71,107,160,255,0.109803921568627,0.388235294117647,0.188235294117647,0.27843137254902,0.419607843137255,0.627450980392157,0.27843137254902,0.419607843137255,0.627450980392157,42,11,4211,"Evergreen Forest","Open Water","Evergreen Forest to Open Water"
156,216,209,221,249,255,0.109803921568627,0.388235294117647,0.188235294117647,0.819607843137255,0.866666666666667,0.976470588235294,0.819607843137255,0.866666666666667,0.976470588235294,42,12,4212,"Evergreen Forest","Perennial Ice/Snow","Evergreen Forest to Perennial Ice/Snow"
157,267135,221,201,201,255,0.109803921568627,0.388235294117647,0.188235294117647,0.866666666666667,0.788235294117647,0.788235294117647,0.866666666666667,0.788235294117647,0.788235294117647,42,21,4221,"Evergreen Forest","Developed, Open Space","Evergreen Forest to Developed, Open Space"
158,206886,216,147,130,255,0.109803921568627,0.388235294117647,0.188235294117647,0.847058823529412,0.576470588235294,0.509803921568627,0.847058823529412,0.576470588235294,0.509803921568627,42,22,4222,"Evergreen Forest","Developed, Low Intensity","Evergreen Forest to Developed, Low Intensity"
159,108489,237,0,0,255,0.109803921568627,0.388235294117647,0.188235294117647,0.929411764705882,0,0,0.929411764705882,0,0,42,23,4223,"Evergreen Forest","Developed, Medium Intensity","Evergreen Forest to Developed, Medium Intensity"
160,35537,170,0,0,255,0.109803921568627,0.388235294117647,0.188235294117647,0.666666666666667,0,0,0.666666666666667,0,0,42,24,4224,"Evergreen Forest","Developed, High Intensity","Evergreen Forest to Developed, High Intensity"
161,1003165,178,173,163,255,0.109803921568627,0.388235294117647,0.188235294117647,0.698039215686274,0.67843137254902,0.63921568627451,0.698039215686274,0.67843137254902,0.63921568627451,42,31,4231,"Evergreen Forest","Barren Land","Evergreen Forest to Barren Land"
162,35967,104,170,99,255,0.109803921568627,0.388235294117647,0.188235294117647,0.407843137254902,0.666666666666667,0.388235294117647,0.407843137254902,0.666666666666667,0.388235294117647,42,41,4241,"Evergreen Forest","Deciduous Forest","Evergreen Forest to Deciduous Forest"
163,1015687712,0,0,0,255,0.109803921568627,0.388235294117647,0.188235294117647,0.109803921568627,0.388235294117647,0.188235294117647,0,0,0,42,42,4242,"Evergreen Forest","Evergreen Forest","Evergreen Forest to Evergreen Forest"
164,26233,181,201,142,255,0.109803921568627,0.388235294117647,0.188235294117647,0.709803921568627,0.788235294117647,0.556862745098039,0.709803921568627,0.788235294117647,0.556862745098039,42,43,4243,"Evergreen Forest","Mixed Forest","Evergreen Forest to Mixed Forest"
165,24025495,204,186,124,255,0.109803921568627,0.388235294117647,0.188235294117647,0.8,0.729411764705882,0.486274509803922,0.8,0.729411764705882,0.486274509803922,42,52,4252,"Evergreen Forest","Shrub/Scrub","Evergreen Forest to Shrub/Scrub"
166,18601737,226,226,193,255,0.109803921568627,0.388235294117647,0.188235294117647,0.886274509803922,0.886274509803922,0.756862745098039,0.886274509803922,0.886274509803922,0.756862745098039,42,71,4271,"Evergreen Forest","Grassland/Herbaceous","Evergreen Forest to Grassland/Herbaceous"
167,268164,219,216,61,255,0.109803921568627,0.388235294117647,0.188235294117647,0.858823529411765,0.847058823529412,0.235294117647059,0.858823529411765,0.847058823529412,0.235294117647059,42,81,4281,"Evergreen Forest","Pasture/Hay","Evergreen Forest to Pasture/Hay"
168,122391,170,112,40,255,0.109803921568627,0.388235294117647,0.188235294117647,0.666666666666667,0.43921568627451,0.156862745098039,0.666666666666667,0.43921568627451,0.156862745098039,42,82,4282,"Evergreen Forest","Cultivated Crops","Evergreen Forest to Cultivated Crops"
169,196561,186,216,234,255,0.109803921568627,0.388235294117647,0.188235294117647,0.729411764705882,0.847058823529412,0.917647058823529,0.729411764705882,0.847058823529412,0.917647058823529,42,90,4290,"Evergreen Forest","Woody Wetlands","Evergreen Forest to Woody Wetlands"
170,94668,112,163,186,255,0.109803921568627,0.388235294117647,0.188235294117647,0.43921568627451,0.63921568627451,0.729411764705882,0.43921568627451,0.63921568627451,0.729411764705882,42,95,4295,"Evergreen Forest","Emergent Herbaceous Wetlands","Evergreen Forest to Emergent Herbaceous Wetlands"
171,0,0,249,0,255,0.709803921568627,0.788235294117647,0.556862745098039,0,0.976470588235294,0,0,0.976470588235294,0,43,1,431,"Mixed Forest","Unclassified","Mixed Forest to Unclassified"
172,15994,71,107,160,255,0.709803921568627,0.788235294117647,0.556862745098039,0.27843137254902,0.419607843137255,0.627450980392157,0.27843137254902,0.419607843137255,0.627450980392157,43,11,4311,"Mixed Forest","Open Water","Mixed Forest to Open Water"
173,0,209,221,249,255,0.709803921568627,0.788235294117647,0.556862745098039,0.819607843137255,0.866666666666667,0.976470588235294,0.819607843137255,0.866666666666667,0.976470588235294,43,12,4312,"Mixed Forest","Perennial Ice/Snow","Mixed Forest to Perennial Ice/Snow"
174,91094,221,201,201,255,0.709803921568627,0.788235294117647,0.556862745098039,0.866666666666667,0.788235294117647,0.788235294117647,0.866666666666667,0.788235294117647,0.788235294117647,43,21,4321,"Mixed Forest","Developed, Open Space","Mixed Forest to Developed, Open Space"
175,63015,216,147,130,255,0.709803921568627,0.788235294117647,0.556862745098039,0.847058823529412,0.576470588235294,0.509803921568627,0.847058823529412,0.576470588235294,0.509803921568627,43,22,4322,"Mixed Forest","Developed, Low Intensity","Mixed Forest to Developed, Low Intensity"
176,29690,237,0,0,255,0.709803921568627,0.788235294117647,0.556862745098039,0.929411764705882,0,0,0.929411764705882,0,0,43,23,4323,"Mixed Forest","Developed, Medium Intensity","Mixed Forest to Developed, Medium Intensity"
177,9096,170,0,0,255,0.709803921568627,0.788235294117647,0.556862745098039,0.666666666666667,0,0,0.666666666666667,0,0,43,24,4324,"Mixed Forest","Developed, High Intensity","Mixed Forest to Developed, High Intensity"
178,144643,178,173,163,255,0.709803921568627,0.788235294117647,0.556862745098039,0.698039215686274,0.67843137254902,0.63921568627451,0.698039215686274,0.67843137254902,0.63921568627451,43,31,4331,"Mixed Forest","Barren Land","Mixed Forest to Barren Land"
179,24026,104,170,99,255,0.709803921568627,0.788235294117647,0.556862745098039,0.407843137254902,0.666666666666667,0.388235294117647,0.407843137254902,0.666666666666667,0.388235294117647,43,41,4341,"Mixed Forest","Deciduous Forest","Mixed Forest to Deciduous Forest"
180,41707,28,99,48,255,0.709803921568627,0.788235294117647,0.556862745098039,0.109803921568627,0.388235294117647,0.188235294117647,0.109803921568627,0.388235294117647,0.188235294117647,43,42,4342,"Mixed Forest","Evergreen Forest","Mixed Forest to Evergreen Forest"
181,179041284,0,0,0,255,0.709803921568627,0.788235294117647,0.556862745098039,0.709803921568627,0.788235294117647,0.556862745098039,0,0,0,43,43,4343,"Mixed Forest","Mixed Forest","Mixed Forest to Mixed Forest"
182,3467392,204,186,124,255,0.709803921568627,0.788235294117647,0.556862745098039,0.8,0.729411764705882,0.486274509803922,0.8,0.729411764705882,0.486274509803922,43,52,4352,"Mixed Forest","Shrub/Scrub","Mixed Forest to Shrub/Scrub"
183,2694524,226,226,193,255,0.709803921568627,0.788235294117647,0.556862745098039,0.886274509803922,0.886274509803922,0.756862745098039,0.886274509803922,0.886274509803922,0.756862745098039,43,71,4371,"Mixed Forest","Grassland/Herbaceous","Mixed Forest to Grassland/Herbaceous"
184,83552,219,216,61,255,0.709803921568627,0.788235294117647,0.556862745098039,0.858823529411765,0.847058823529412,0.235294117647059,0.858823529411765,0.847058823529412,0.235294117647059,43,81,4381,"Mixed Forest","Pasture/Hay","Mixed Forest to Pasture/Hay"
185,29266,170,112,40,255,0.709803921568627,0.788235294117647,0.556862745098039,0.666666666666667,0.43921568627451,0.156862745098039,0.666666666666667,0.43921568627451,0.156862745098039,43,82,4382,"Mixed Forest","Cultivated Crops","Mixed Forest to Cultivated Crops"
186,127527,186,216,234,255,0.709803921568627,0.788235294117647,0.556862745098039,0.729411764705882,0.847058823529412,0.917647058823529,0.729411764705882,0.847058823529412,0.917647058823529,43,90,4390,"Mixed Forest","Woody Wetlands","Mixed Forest to Woody Wetlands"
187,44196,112,163,186,255,0.709803921568627,0.788235294117647,0.556862745098039,0.43921568627451,0.63921568627451,0.729411764705882,0.43921568627451,0.63921568627451,0.729411764705882,43,95,4395,"Mixed Forest","Emergent Herbaceous Wetlands","Mixed Forest to Emergent Herbaceous Wetlands"
188,0,0,249,0,255,0.8,0.729411764705882,0.486274509803922,0,0.976470588235294,0,0,0.976470588235294,0,52,1,521,"Shrub/Scrub","Unclassified","Shrub/Scrub to Unclassified"
189,317692,71,107,160,255,0.8,0.729411764705882,0.486274509803922,0.27843137254902,0.419607843137255,0.627450980392157,0.27843137254902,0.419607843137255,0.627450980392157,52,11,5211,"Shrub/Scrub","Open Water","Shrub/Scrub to Open Water"
190,14,209,221,249,255,0.8,0.729411764705882,0.486274509803922,0.819607843137255,0.866666666666667,0.976470588235294,0.819607843137255,0.866666666666667,0.976470588235294,52,12,5212,"Shrub/Scrub","Perennial Ice/Snow","Shrub/Scrub to Perennial Ice/Snow"
191,392488,221,201,201,255,0.8,0.729411764705882,0.486274509803922,0.866666666666667,0.788235294117647,0.788235294117647,0.866666666666667,0.788235294117647,0.788235294117647,52,21,5221,"Shrub/Scrub","Developed, Open Space","Shrub/Scrub to Developed, Open Space"
192,351403,216,147,130,255,0.8,0.729411764705882,0.486274509803922,0.847058823529412,0.576470588235294,0.509803921568627,0.847058823529412,0.576470588235294,0.509803921568627,52,22,5222,"Shrub/Scrub","Developed, Low Intensity","Shrub/Scrub to Developed, Low Intensity"
193,204881,237,0,0,255,0.8,0.729411764705882,0.486274509803922,0.929411764705882,0,0,0.929411764705882,0,0,52,23,5223,"Shrub/Scrub","Developed, Medium Intensity","Shrub/Scrub to Developed, Medium Intensity"
194,53575,170,0,0,255,0.8,0.729411764705882,0.486274509803922,0.666666666666667,0,0,0.666666666666667,0,0,52,24,5224,"Shrub/Scrub","Developed, High Intensity","Shrub/Scrub to Developed, High Intensity"
195,762935,178,173,163,255,0.8,0.729411764705882,0.486274509803922,0.698039215686274,0.67843137254902,0.63921568627451,0.698039215686274,0.67843137254902,0.63921568627451,52,31,5231,"Shrub/Scrub","Barren Land","Shrub/Scrub to Barren Land"
196,2053923,104,170,99,255,0.8,0.729411764705882,0.486274509803922,0.407843137254902,0.666666666666667,0.388235294117647,0.407843137254902,0.666666666666667,0.388235294117647,52,41,5241,"Shrub/Scrub","Deciduous Forest","Shrub/Scrub to Deciduous Forest"
197,16579151,28,99,48,255,0.8,0.729411764705882,0.486274509803922,0.109803921568627,0.388235294117647,0.188235294117647,0.109803921568627,0.388235294117647,0.188235294117647,52,42,5242,"Shrub/Scrub","Evergreen Forest","Shrub/Scrub to Evergreen Forest"
198,518405,181,201,142,255,0.8,0.729411764705882,0.486274509803922,0.709803921568627,0.788235294117647,0.556862745098039,0.709803921568627,0.788235294117647,0.556862745098039,52,43,5243,"Shrub/Scrub","Mixed Forest","Shrub/Scrub to Mixed Forest"
199,1888351893,0,0,0,255,0.8,0.729411764705882,0.486274509803922,0.8,0.729411764705882,0.486274509803922,0,0,0,52,52,5252,"Shrub/Scrub","Shrub/Scrub","Shrub/Scrub to Shrub/Scrub"
200,9179896,226,226,193,255,0.8,0.729411764705882,0.486274509803922,0.886274509803922,0.886274509803922,0.756862745098039,0.886274509803922,0.886274509803922,0.756862745098039,52,71,5271,"Shrub/Scrub","Grassland/Herbaceous","Shrub/Scrub to Grassland/Herbaceous"
201,710939,219,216,61,255,0.8,0.729411764705882,0.486274509803922,0.858823529411765,0.847058823529412,0.235294117647059,0.858823529411765,0.847058823529412,0.235294117647059,52,81,5281,"Shrub/Scrub","Pasture/Hay","Shrub/Scrub to Pasture/Hay"
202,1052464,170,112,40,255,0.8,0.729411764705882,0.486274509803922,0.666666666666667,0.43921568627451,0.156862745098039,0.666666666666667,0.43921568627451,0.156862745098039,52,82,5282,"Shrub/Scrub","Cultivated Crops","Shrub/Scrub to Cultivated Crops"
203,89680,186,216,234,255,0.8,0.729411764705882,0.486274509803922,0.729411764705882,0.847058823529412,0.917647058823529,0.729411764705882,0.847058823529412,0.917647058823529,52,90,5290,"Shrub/Scrub","Woody Wetlands","Shrub/Scrub to Woody Wetlands"
204,123847,112,163,186,255,0.8,0.729411764705882,0.486274509803922,0.43921568627451,0.63921568627451,0.729411764705882,0.43921568627451,0.63921568627451,0.729411764705882,52,95,5295,"Shrub/Scrub","Emergent Herbaceous Wetlands","Shrub/Scrub to Emergent Herbaceous Wetlands"
205,0,0,249,0,255,0.886274509803922,0.886274509803922,0.756862745098039,0,0.976470588235294,0,0,0.976470588235294,0,71,1,711,"Grassland/Herbaceous","Unclassified","Grassland/Herbaceous to Unclassified"
206,1233692,71,107,160,255,0.886274509803922,0.886274509803922,0.756862745098039,0.27843137254902,0.419607843137255,0.627450980392157,0.27843137254902,0.419607843137255,0.627450980392157,71,11,7111,"Grassland/Herbaceous","Open Water","Grassland/Herbaceous to Open Water"
207,19,209,221,249,255,0.886274509803922,0.886274509803922,0.756862745098039,0.819607843137255,0.866666666666667,0.976470588235294,0.819607843137255,0.866666666666667,0.976470588235294,71,12,7112,"Grassland/Herbaceous","Perennial Ice/Snow","Grassland/Herbaceous to Perennial Ice/Snow"
208,402884,221,201,201,255,0.886274509803922,0.886274509803922,0.756862745098039,0.866666666666667,0.788235294117647,0.788235294117647,0.866666666666667,0.788235294117647,0.788235294117647,71,21,7121,"Grassland/Herbaceous","Developed, Open Space","Grassland/Herbaceous to Developed, Open Space"
209,365142,216,147,130,255,0.886274509803922,0.886274509803922,0.756862745098039,0.847058823529412,0.576470588235294,0.509803921568627,0.847058823529412,0.576470588235294,0.509803921568627,71,22,7122,"Grassland/Herbaceous","Developed, Low Intensity","Grassland/Herbaceous to Developed, Low Intensity"
210,249017,237,0,0,255,0.886274509803922,0.886274509803922,0.756862745098039,0.929411764705882,0,0,0.929411764705882,0,0,71,23,7123,"Grassland/Herbaceous","Developed, Medium Intensity","Grassland/Herbaceous to Developed, Medium Intensity"
211,78126,170,0,0,255,0.886274509803922,0.886274509803922,0.756862745098039,0.666666666666667,0,0,0.666666666666667,0,0,71,24,7124,"Grassland/Herbaceous","Developed, High Intensity","Grassland/Herbaceous to Developed, High Intensity"
212,650047,178,173,163,255,0.886274509803922,0.886274509803922,0.756862745098039,0.698039215686274,0.67843137254902,0.63921568627451,0.698039215686274,0.67843137254902,0.63921568627451,71,31,7131,"Grassland/Herbaceous","Barren Land","Grassland/Herbaceous to Barren Land"
213,771003,104,170,99,255,0.886274509803922,0.886274509803922,0.756862745098039,0.407843137254902,0.666666666666667,0.388235294117647,0.407843137254902,0.666666666666667,0.388235294117647,71,41,7141,"Grassland/Herbaceous","Deciduous Forest","Grassland/Herbaceous to Deciduous Forest"
214,4169844,28,99,48,255,0.886274509803922,0.886274509803922,0.756862745098039,0.109803921568627,0.388235294117647,0.188235294117647,0.109803921568627,0.388235294117647,0.188235294117647,71,42,7142,"Grassland/Herbaceous","Evergreen Forest","Grassland/Herbaceous to Evergreen Forest"
215,190480,181,201,142,255,0.886274509803922,0.886274509803922,0.756862745098039,0.709803921568627,0.788235294117647,0.556862745098039,0.709803921568627,0.788235294117647,0.556862745098039,71,43,7143,"Grassland/Herbaceous","Mixed Forest","Grassland/Herbaceous to Mixed Forest"
216,15775309,204,186,124,255,0.886274509803922,0.886274509803922,0.756862745098039,0.8,0.729411764705882,0.486274509803922,0.8,0.729411764705882,0.486274509803922,71,52,7152,"Grassland/Herbaceous","Shrub/Scrub","Grassland/Herbaceous to Shrub/Scrub"
217,1267581344,0,0,0,255,0.886274509803922,0.886274509803922,0.756862745098039,0.886274509803922,0.886274509803922,0.756862745098039,0,0,0,71,71,7171,"Grassland/Herbaceous","Grassland/Herbaceous","Grassland/Herbaceous to Grassland/Herbaceous"
218,391029,219,216,61,255,0.886274509803922,0.886274509803922,0.756862745098039,0.858823529411765,0.847058823529412,0.235294117647059,0.858823529411765,0.847058823529412,0.235294117647059,71,81,7181,"Grassland/Herbaceous","Pasture/Hay","Grassland/Herbaceous to Pasture/Hay"
219,3639212,170,112,40,255,0.886274509803922,0.886274509803922,0.756862745098039,0.666666666666667,0.43921568627451,0.156862745098039,0.666666666666667,0.43921568627451,0.156862745098039,71,82,7182,"Grassland/Herbaceous","Cultivated Crops","Grassland/Herbaceous to Cultivated Crops"
220,73560,186,216,234,255,0.886274509803922,0.886274509803922,0.756862745098039,0.729411764705882,0.847058823529412,0.917647058823529,0.729411764705882,0.847058823529412,0.917647058823529,71,90,7190,"Grassland/Herbaceous","Woody Wetlands","Grassland/Herbaceous to Woody Wetlands"
221,273793,112,163,186,255,0.886274509803922,0.886274509803922,0.756862745098039,0.43921568627451,0.63921568627451,0.729411764705882,0.43921568627451,0.63921568627451,0.729411764705882,71,95,7195,"Grassland/Herbaceous","Emergent Herbaceous Wetlands","Grassland/Herbaceous to Emergent Herbaceous Wetlands"
222,0,0,249,0,255,0.858823529411765,0.847058823529412,0.235294117647059,0,0.976470588235294,0,0,0.976470588235294,0,81,1,811,"Pasture/Hay","Unclassified","Pasture/Hay to Unclassified"
223,301568,71,107,160,255,0.858823529411765,0.847058823529412,0.235294117647059,0.27843137254902,0.419607843137255,0.627450980392157,0.27843137254902,0.419607843137255,0.627450980392157,81,11,8111,"Pasture/Hay","Open Water","Pasture/Hay to Open Water"
224,0,209,221,249,255,0.858823529411765,0.847058823529412,0.235294117647059,0.819607843137255,0.866666666666667,0.976470588235294,0.819607843137255,0.866666666666667,0.976470588235294,81,12,8112,"Pasture/Hay","Perennial Ice/Snow","Pasture/Hay to Perennial Ice/Snow"
225,642860,221,201,201,255,0.858823529411765,0.847058823529412,0.235294117647059,0.866666666666667,0.788235294117647,0.788235294117647,0.866666666666667,0.788235294117647,0.788235294117647,81,21,8121,"Pasture/Hay","Developed, Open Space","Pasture/Hay to Developed, Open Space"
226,478338,216,147,130,255,0.858823529411765,0.847058823529412,0.235294117647059,0.847058823529412,0.576470588235294,0.509803921568627,0.847058823529412,0.576470588235294,0.509803921568627,81,22,8122,"Pasture/Hay","Developed, Low Intensity","Pasture/Hay to Developed, Low Intensity"
227,275922,237,0,0,255,0.858823529411765,0.847058823529412,0.235294117647059,0.929411764705882,0,0,0.929411764705882,0,0,81,23,8123,"Pasture/Hay","Developed, Medium Intensity","Pasture/Hay to Developed, Medium Intensity"
228,92569,170,0,0,255,0.858823529411765,0.847058823529412,0.235294117647059,0.666666666666667,0,0,0.666666666666667,0,0,81,24,8124,"Pasture/Hay","Developed, High Intensity","Pasture/Hay to Developed, High Intensity"
229,272190,178,173,163,255,0.858823529411765,0.847058823529412,0.235294117647059,0.698039215686274,0.67843137254902,0.63921568627451,0.698039215686274,0.67843137254902,0.63921568627451,81,31,8131,"Pasture/Hay","Barren Land","Pasture/Hay to Barren Land"
230,104993,104,170,99,255,0.858823529411765,0.847058823529412,0.235294117647059,0.407843137254902,0.666666666666667,0.388235294117647,0.407843137254902,0.666666666666667,0.388235294117647,81,41,8141,"Pasture/Hay","Deciduous Forest","Pasture/Hay to Deciduous Forest"
231,714438,28,99,48,255,0.858823529411765,0.847058823529412,0.235294117647059,0.109803921568627,0.388235294117647,0.188235294117647,0.109803921568627,0.388235294117647,0.188235294117647,81,42,8142,"Pasture/Hay","Evergreen Forest","Pasture/Hay to Evergreen Forest"
232,25397,181,201,142,255,0.858823529411765,0.847058823529412,0.235294117647059,0.709803921568627,0.788235294117647,0.556862745098039,0.709803921568627,0.788235294117647,0.556862745098039,81,43,8143,"Pasture/Hay","Mixed Forest","Pasture/Hay to Mixed Forest"
233,1101188,204,186,124,255,0.858823529411765,0.847058823529412,0.235294117647059,0.8,0.729411764705882,0.486274509803922,0.8,0.729411764705882,0.486274509803922,81,52,8152,"Pasture/Hay","Shrub/Scrub","Pasture/Hay to Shrub/Scrub"
234,422399,226,226,193,255,0.858823529411765,0.847058823529412,0.235294117647059,0.886274509803922,0.886274509803922,0.756862745098039,0.886274509803922,0.886274509803922,0.756862745098039,81,71,8171,"Pasture/Hay","Grassland/Herbaceous","Pasture/Hay to Grassland/Herbaceous"
235,594788737,0,0,0,255,0.858823529411765,0.847058823529412,0.235294117647059,0.858823529411765,0.847058823529412,0.235294117647059,0,0,0,81,81,8181,"Pasture/Hay","Pasture/Hay","Pasture/Hay to Pasture/Hay"
236,1478502,170,112,40,255,0.858823529411765,0.847058823529412,0.235294117647059,0.666666666666667,0.43921568627451,0.156862745098039,0.666666666666667,0.43921568627451,0.156862745098039,81,82,8182,"Pasture/Hay","Cultivated Crops","Pasture/Hay to Cultivated Crops"
237,87259,186,216,234,255,0.858823529411765,0.847058823529412,0.235294117647059,0.729411764705882,0.847058823529412,0.917647058823529,0.729411764705882,0.847058823529412,0.917647058823529,81,90,8190,"Pasture/Hay","Woody Wetlands","Pasture/Hay to Woody Wetlands"
238,175144,112,163,186,255,0.858823529411765,0.847058823529412,0.235294117647059,0.43921568627451,0.63921568627451,0.729411764705882,0.43921568627451,0.63921568627451,0.729411764705882,81,95,8195,"Pasture/Hay","Emergent Herbaceous Wetlands","Pasture/Hay to Emergent Herbaceous Wetlands"
239,0,0,249,0,255,0.666666666666667,0.43921568627451,0.156862745098039,0,0.976470588235294,0,0,0.976470588235294,0,82,1,821,"Cultivated Crops","Unclassified","Cultivated Crops to Unclassified"
240,786824,71,107,160,255,0.666666666666667,0.43921568627451,0.156862745098039,0.27843137254902,0.419607843137255,0.627450980392157,0.27843137254902,0.419607843137255,0.627450980392157,82,11,8211,"Cultivated Crops","Open Water","Cultivated Crops to Open Water"
241,0,209,221,249,255,0.666666666666667,0.43921568627451,0.156862745098039,0.819607843137255,0.866666666666667,0.976470588235294,0.819607843137255,0.866666666666667,0.976470588235294,82,12,8212,"Cultivated Crops","Perennial Ice/Snow","Cultivated Crops to Perennial Ice/Snow"
242,704655,221,201,201,255,0.666666666666667,0.43921568627451,0.156862745098039,0.866666666666667,0.788235294117647,0.788235294117647,0.866666666666667,0.788235294117647,0.788235294117647,82,21,8221,"Cultivated Crops","Developed, Open Space","Cultivated Crops to Developed, Open Space"
243,622284,216,147,130,255,0.666666666666667,0.43921568627451,0.156862745098039,0.847058823529412,0.576470588235294,0.509803921568627,0.847058823529412,0.576470588235294,0.509803921568627,82,22,8222,"Cultivated Crops","Developed, Low Intensity","Cultivated Crops to Developed, Low Intensity"
244,454590,237,0,0,255,0.666666666666667,0.43921568627451,0.156862745098039,0.929411764705882,0,0,0.929411764705882,0,0,82,23,8223,"Cultivated Crops","Developed, Medium Intensity","Cultivated Crops to Developed, Medium Intensity"
245,168193,170,0,0,255,0.666666666666667,0.43921568627451,0.156862745098039,0.666666666666667,0,0,0.666666666666667,0,0,82,24,8224,"Cultivated Crops","Developed, High Intensity","Cultivated Crops to Developed, High Intensity"
246,227689,178,173,163,255,0.666666666666667,0.43921568627451,0.156862745098039,0.698039215686274,0.67843137254902,0.63921568627451,0.698039215686274,0.67843137254902,0.63921568627451,82,31,8231,"Cultivated Crops","Barren Land","Cultivated Crops to Barren Land"
247,101332,104,170,99,255,0.666666666666667,0.43921568627451,0.156862745098039,0.407843137254902,0.666666666666667,0.388235294117647,0.407843137254902,0.666666666666667,0.388235294117647,82,41,8241,"Cultivated Crops","Deciduous Forest","Cultivated Crops to Deciduous Forest"
248,506615,28,99,48,255,0.666666666666667,0.43921568627451,0.156862745098039,0.109803921568627,0.388235294117647,0.188235294117647,0.109803921568627,0.388235294117647,0.188235294117647,82,42,8242,"Cultivated Crops","Evergreen Forest","Cultivated Crops to Evergreen Forest"
249,9977,181,201,142,255,0.666666666666667,0.43921568627451,0.156862745098039,0.709803921568627,0.788235294117647,0.556862745098039,0.709803921568627,0.788235294117647,0.556862745098039,82,43,8243,"Cultivated Crops","Mixed Forest","Cultivated Crops to Mixed Forest"
250,1016263,204,186,124,255,0.666666666666667,0.43921568627451,0.156862745098039,0.8,0.729411764705882,0.486274509803922,0.8,0.729411764705882,0.486274509803922,82,52,8252,"Cultivated Crops","Shrub/Scrub","Cultivated Crops to Shrub/Scrub"
251,755542,226,226,193,255,0.666666666666667,0.43921568627451,0.156862745098039,0.886274509803922,0.886274509803922,0.756862745098039,0.886274509803922,0.886274509803922,0.756862745098039,82,71,8271,"Cultivated Crops","Grassland/Herbaceous","Cultivated Crops to Grassland/Herbaceous"
252,442496,219,216,61,255,0.666666666666667,0.43921568627451,0.156862745098039,0.858823529411765,0.847058823529412,0.235294117647059,0.858823529411765,0.847058823529412,0.235294117647059,82,81,8281,"Cultivated Crops","Pasture/Hay","Cultivated Crops to Pasture/Hay"
253,1385255527,0,0,0,255,0.666666666666667,0.43921568627451,0.156862745098039,0.666666666666667,0.43921568627451,0.156862745098039,0,0,0,82,82,8282,"Cultivated Crops","Cultivated Crops","Cultivated Crops to Cultivated Crops"
254,146016,186,216,234,255,0.666666666666667,0.43921568627451,0.156862745098039,0.729411764705882,0.847058823529412,0.917647058823529,0.729411764705882,0.847058823529412,0.917647058823529,82,90,8290,"Cultivated Crops","Woody Wetlands","Cultivated Crops to Woody Wetlands"
255,246998,112,163,186,255,0.666666666666667,0.43921568627451,0.156862745098039,0.43921568627451,0.63921568627451,0.729411764705882,0.43921568627451,0.63921568627451,0.729411764705882,82,95,8295,"Cultivated Crops","Emergent Herbaceous Wetlands","Cultivated Crops to Emergent Herbaceous Wetlands"
259,189845,221,201,201,255,0.729411764705882,0.847058823529412,0.917647058823529,0.866666666666667,0.788235294117647,0.788235294117647,0.866666666666667,0.788235294117647,0.788235294117647,90,21,9021,"Woody Wetlands","Developed, Open Space","Woody Wetlands to Developed, Open Space"
260,151644,216,147,130,255,0.729411764705882,0.847058823529412,0.917647058823529,0.847058823529412,0.576470588235294,0.509803921568627,0.847058823529412,0.576470588235294,0.509803921568627,90,22,9022,"Woody Wetlands","Developed, Low Intensity","Woody Wetlands to Developed, Low Intensity"
261,78314,237,0,0,255,0.729411764705882,0.847058823529412,0.917647058823529,0.929411764705882,0,0,0.929411764705882,0,0,90,23,9023,"Woody Wetlands","Developed, Medium Intensity","Woody Wetlands to Developed, Medium Intensity"
262,23883,170,0,0,255,0.729411764705882,0.847058823529412,0.917647058823529,0.666666666666667,0,0,0.666666666666667,0,0,90,24,9024,"Woody Wetlands","Developed, High Intensity","Woody Wetlands to Developed, High Intensity"
264,4128,104,170,99,255,0.729411764705882,0.847058823529412,0.917647058823529,0.407843137254902,0.666666666666667,0.388235294117647,0.407843137254902,0.666666666666667,0.388235294117647,90,41,9041,"Woody Wetlands","Deciduous Forest","Woody Wetlands to Deciduous Forest"
265,32156,28,99,48,255,0.729411764705882,0.847058823529412,0.917647058823529,0.109803921568627,0.388235294117647,0.188235294117647,0.109803921568627,0.388235294117647,0.188235294117647,90,42,9042,"Woody Wetlands","Evergreen Forest","Woody Wetlands to Evergreen Forest"
266,1579,181,201,142,255,0.729411764705882,0.847058823529412,0.917647058823529,0.709803921568627,0.788235294117647,0.556862745098039,0.709803921568627,0.788235294117647,0.556862745098039,90,43,9043,"Woody Wetlands","Mixed Forest","Woody Wetlands to Mixed Forest"
267,128370,204,186,124,255,0.729411764705882,0.847058823529412,0.917647058823529,0.8,0.729411764705882,0.486274509803922,0.8,0.729411764705882,0.486274509803922,90,52,9052,"Woody Wetlands","Shrub/Scrub","Woody Wetlands to Shrub/Scrub"
268,169679,226,226,193,255,0.729411764705882,0.847058823529412,0.917647058823529,0.886274509803922,0.886274509803922,0.756862745098039,0.886274509803922,0.886274509803922,0.756862745098039,90,71,9071,"Woody Wetlands","Grassland/Herbaceous","Woody Wetlands to Grassland/Herbaceous"
269,24162,219,216,61,255,0.729411764705882,0.847058823529412,0.917647058823529,0.858823529411765,0.847058823529412,0.235294117647059,0.858823529411765,0.847058823529412,0.235294117647059,90,81,9081,"Woody Wetlands","Pasture/Hay","Woody Wetlands to Pasture/Hay"
270,48120,170,112,40,255,0.729411764705882,0.847058823529412,0.917647058823529,0.666666666666667,0.43921568627451,0.156862745098039,0.666666666666667,0.43921568627451,0.156862745098039,90,82,9082,"Woody Wetlands","Cultivated Crops","Woody Wetlands to Cultivated Crops"
276,45876,221,201,201,255,0.43921568627451,0.63921568627451,0.729411764705882,0.866666666666667,0.788235294117647,0.788235294117647,0.866666666666667,0.788235294117647,0.788235294117647,95,21,9521,"Emergent Herbaceous Wetlands","Developed, Open Space","Emergent Herbaceous Wetlands to Developed, Open Space"
277,40868,216,147,130,255,0.43921568627451,0.63921568627451,0.729411764705882,0.847058823529412,0.576470588235294,0.509803921568627,0.847058823529412,0.576470588235294,0.509803921568627,95,22,9522,"Emergent Herbaceous Wetlands","Developed, Low Intensity","Emergent Herbaceous Wetlands to Developed, Low Intensity"
278,24535,237,0,0,255,0.43921568627451,0.63921568627451,0.729411764705882,0.929411764705882,0,0,0.929411764705882,0,0,95,23,9523,"Emergent Herbaceous Wetlands","Developed, Medium Intensity","Emergent Herbaceous Wetlands to Developed, Medium Intensity"
279,8607,170,0,0,255,0.43921568627451,0.63921568627451,0.729411764705882,0.666666666666667,0,0,0.666666666666667,0,0,95,24,9524,"Emergent Herbaceous Wetlands","Developed, High Intensity","Emergent Herbaceous Wetlands to Developed, High Intensity"
281,1383,104,170,99,255,0.43921568627451,0.63921568627451,0.729411764705882,0.407843137254902,0.666666666666667,0.388235294117647,0.407843137254902,0.666666666666667,0.388235294117647,95,41,9541,"Emergent Herbaceous Wetlands","Deciduous Forest","Emergent Herbaceous Wetlands to Deciduous Forest"
282,12445,28,99,48,255,0.43921568627451,0.63921568627451,0.729411764705882,0.109803921568627,0.388235294117647,0.188235294117647,0.109803921568627,0.388235294117647,0.188235294117647,95,42,9542,"Emergent Herbaceous Wetlands","Evergreen Forest","Emergent Herbaceous Wetlands to Evergreen Forest"
283,335,181,201,142,255,0.43921568627451,0.63921568627451,0.729411764705882,0.709803921568627,0.788235294117647,0.556862745098039,0.709803921568627,0.788235294117647,0.556862745098039,95,43,9543,"Emergent Herbaceous Wetlands","Mixed Forest","Emergent Herbaceous Wetlands to Mixed Forest"
284,28183,204,186,124,255,0.43921568627451,0.63921568627451,0.729411764705882,0.8,0.729411764705882,0.486274509803922,0.8,0.729411764705882,0.486274509803922,95,52,9552,"Emergent Herbaceous Wetlands","Shrub/Scrub","Emergent Herbaceous Wetlands to Shrub/Scrub"
285,14641,226,226,193,255,0.43921568627451,0.63921568627451,0.729411764705882,0.886274509803922,0.886274509803922,0.756862745098039,0.886274509803922,0.886274509803922,0.756862745098039,95,71,9271,"Emergent Herbaceous Wetlands","Grassland/Herbaceous","Emergent Herbaceous Wetlands to Grassland/Herbaceous"
286,5628,219,216,61,255,0.43921568627451,0.63921568627451,0.729411764705882,0.858823529411765,0.847058823529412,0.235294117647059,0.858823529411765,0.847058823529412,0.235294117647059,95,81,9581,"Emergent Herbaceous Wetlands","Pasture/Hay","Emergent Herbaceous Wetlands to Pasture/Hay"
287,27152,170,112,40,255,0.43921568627451,0.63921568627451,0.729411764705882,0.666666666666667,0.43921568627451,0.156862745098039,0.666666666666667,0.43921568627451,0.156862745098039,95,82,9582,"Emergent Herbaceous Wetlands","Cultivated Crops","Emergent Herbaceous Wetlands to Cultivated Crops"
