"aou","SPEC","nObs","Estimate","std.error","z.value","p.value","term","r2","sig"
6810,"COYE",683,0.000861192232156222,0.0016440079422575,0.523837026586174,0.600391897803379,"tmax",0.0452249991761054,"p > 0.05"
6810,"COYE",683,0.000495408357973895,0.00149821607748036,0.330665493062292,0.740897169909288,"deltaProp",0.0452249991761054,"p > 0.05"
6810,"COYE",683,-0.000508828765533759,0.00190748154564238,-0.266754227162078,0.78965839892992,"tmin",0.0452249991761054,"p > 0.05"
6810,"COYE",683,0.00143006181964741,0.00158305540084602,0.903355510415588,0.366337244045979,"deltaED",0.0452249991761054,"p > 0.05"
6810,"COYE",683,-0.00295141575635703,0.00165928218366369,-1.77873045670888,0.0752839633816376,"tmax:deltaProp",0.0452249991761054,"p > 0.05"
6810,"COYE",683,0.00106760897237129,0.00181873669751214,0.587005790245328,0.557199817929351,"deltaProp:tmin",0.0452249991761054,"p > 0.05"
5290,"AMGO",581,-0.00169507066926979,0.00170370439211156,-0.994932382118784,0.319769152166822,"tmax",0.0151072241998201,"p > 0.05"
5290,"AMGO",581,0.000112490845578101,0.00174129147545791,0.0646019619136533,0.948490922593914,"deltaProp",0.0151072241998201,"p > 0.05"
5290,"AMGO",581,0.00411557931770407,0.00198130127391064,2.07721025161451,0.0377821581010009,"tmin",0.0151072241998201,"p < 0.05"
5290,"AMGO",581,0.00143260143396332,0.00164351493964443,0.871669249488696,0.383388840445934,"deltaED",0.0151072241998201,"p > 0.05"
5290,"AMGO",581,-0.000382267106746301,0.00176491945907559,-0.216591813740057,0.828526465997924,"tmax:deltaProp",0.0151072241998201,"p > 0.05"
5290,"AMGO",581,0.000816430647860603,0.00195534150462429,0.417538647816652,0.676284461752194,"deltaProp:tmin",0.0151072241998201,"p > 0.05"
4860,"CORA",310,0.00186921906422139,0.002191388802093,0.852983761912122,0.393668309119692,"tmax",0.0470394602194271,"p > 0.05"
4860,"CORA",310,-0.00159421830661305,0.00275046086746032,-0.579618610638551,0.562171839926297,"deltaProp",0.0470394602194271,"p > 0.05"
4860,"CORA",310,-0.0039898191949879,0.00239867080933104,-1.66334587450147,0.0962432208437913,"tmin",0.0470394602194271,"p > 0.05"
4860,"CORA",310,-0.00391251161710489,0.00312092078854111,-1.25364015372329,0.209972829470231,"deltaED",0.0470394602194271,"p > 0.05"
4860,"CORA",310,-0.00120886559421961,0.0017613142023491,-0.686342954940872,0.492496867719919,"tmax:deltaProp",0.0470394602194271,"p > 0.05"
4860,"CORA",310,0.00010902172493523,0.00162179444048892,0.0672228996557438,0.946404255067057,"deltaProp:tmin",0.0470394602194271,"p > 0.05"
3930,"HAWO",295,0.000288704308477061,0.00170806540078767,0.169024153491971,0.865777642993303,"tmax",0.0111870133030595,"p > 0.05"
3930,"HAWO",295,0.000566114828407093,0.00208632807826821,0.271345065190805,0.786125649082879,"deltaProp",0.0111870133030595,"p > 0.05"
3930,"HAWO",295,-0.00144555126308127,0.00184339676388116,-0.784178040997396,0.432935648168145,"tmin",0.0111870133030595,"p > 0.05"
3930,"HAWO",295,-0.00118656849971635,0.00200947828422252,-0.590485853483824,0.55486496719938,"deltaED",0.0111870133030595,"p > 0.05"
3930,"HAWO",295,0.000370011663094082,0.00143450736679274,0.257936397999371,0.796455993514983,"tmax:deltaProp",0.0111870133030595,"p > 0.05"
3930,"HAWO",295,-0.000358747466645507,0.00130396781036654,-0.275119879335568,0.783224139189681,"deltaProp:tmin",0.0111870133030595,"p > 0.05"
4950,"BHCO",692,0.00084286243197866,0.00196422553824726,0.429106747451604,0.667845542110363,"tmax",0.058215216754184,"p > 0.05"
4950,"BHCO",692,0.00053098661544608,0.00165151685695097,0.321514499359327,0.74782052617246,"deltaProp",0.058215216754184,"p > 0.05"
4950,"BHCO",692,-0.00201563439165986,0.00196379375048629,-1.02639821068823,0.304703921107408,"tmin",0.058215216754184,"p > 0.05"
4950,"BHCO",692,0.000138518024830703,0.00180305925496274,0.0768238894254007,0.938763645884187,"deltaED",0.058215216754184,"p > 0.05"
4950,"BHCO",692,-0.00102640408958421,0.00179871106829836,-0.570633109271529,0.568248370098497,"tmax:deltaProp",0.058215216754184,"p > 0.05"
4950,"BHCO",692,0.000989819389685398,0.00146106255339464,0.677465442794114,0.498110688627548,"deltaProp:tmin",0.058215216754184,"p > 0.05"
4050,"PIWO",465,0.00148750149346615,0.00195441872403628,0.761096624368268,0.446599356563075,"tmax",0.0393647349217034,"p > 0.05"
4050,"PIWO",465,0.00100509447401162,0.00163450326014181,0.614923505214925,0.53860523905869,"deltaProp",0.0393647349217034,"p > 0.05"
4050,"PIWO",465,-0.00188223614240972,0.00233547152543649,-0.805934100206141,0.420280847821755,"tmin",0.0393647349217034,"p > 0.05"
4050,"PIWO",465,-0.00162228763329417,0.00180279656775303,-0.899872821100475,0.368187935425418,"deltaED",0.0393647349217034,"p > 0.05"
4050,"PIWO",465,-6.13814251323649e-05,0.00154181911215341,-0.0398110418067365,0.968243773122575,"tmax:deltaProp",0.0393647349217034,"p > 0.05"
4050,"PIWO",465,-0.00259860774753524,0.00211825755781485,-1.22676665920452,0.219910305427302,"deltaProp:tmin",0.0393647349217034,"p > 0.05"
4930,"EUST",668,-0.00179974609324711,0.00208952499325652,-0.861318289589928,0.389062765160661,"tmax",0.056444955806207,"p > 0.05"
4930,"EUST",668,-0.0023817846752866,0.00188753038252121,-1.26185236398961,0.2070019157354,"deltaProp",0.056444955806207,"p > 0.05"
4930,"EUST",668,-0.00695336013783054,0.00209589316632566,-3.3176119134071,0.000907905357899752,"tmin",0.056444955806207,"p < 0.05"
4930,"EUST",668,0.00349862093566608,0.00192975079134047,1.81299106152242,0.0698331999603405,"deltaED",0.056444955806207,"p > 0.05"
4930,"EUST",668,-0.000294780750332024,0.00207638639851748,-0.141968157055207,0.887105157870935,"tmax:deltaProp",0.056444955806207,"p > 0.05"
4930,"EUST",668,-0.00228705405619645,0.00214940283067224,-1.06404161358676,0.287309848557554,"deltaProp:tmin",0.056444955806207,"p > 0.05"
7610,"AMRO",739,0.00105440020335171,0.00113580887148972,0.928325380984882,0.353238812179797,"tmax",0.0794307651843467,"p > 0.05"
7610,"AMRO",739,0.00158473179828024,0.00120001339388744,1.32059509198185,0.186636410224176,"deltaProp",0.0794307651843467,"p > 0.05"
7610,"AMRO",739,-0.00246387068788171,0.00121910403797132,-2.02105038712018,0.0432745493956435,"tmin",0.0794307651843467,"p < 0.05"
7610,"AMRO",739,0.00225879647336208,0.00119375671713972,1.89217488030076,0.0584676840763754,"deltaED",0.0794307651843467,"p > 0.05"
7610,"AMRO",739,-0.000152875142775068,0.000997609721704305,-0.153241432445043,0.878207885143529,"tmax:deltaProp",0.0794307651843467,"p > 0.05"
7610,"AMRO",739,-0.00171784991192969,0.000896165797613438,-1.91688850043649,0.055252098314571,"deltaProp:tmin",0.0794307651843467,"p > 0.05"
4880,"AMCR",731,-0.00116474997744632,0.00126106946215282,-0.923620793622207,0.355683783771641,"tmax",0.031788576099222,"p > 0.05"
4880,"AMCR",731,0.00292402435740368,0.00112612507811763,2.59653604579283,0.00941690245240911,"deltaProp",0.031788576099222,"p < 0.05"
4880,"AMCR",731,-6.19352555731905e-05,0.00124342036803643,-0.0498103916948029,0.960273485589116,"tmin",0.031788576099222,"p > 0.05"
4880,"AMCR",731,0.00140416912955917,0.00118174266181302,1.18821903865678,0.234747124783803,"deltaED",0.031788576099222,"p > 0.05"
4880,"AMCR",731,8.3483897566851e-05,0.00136252526301277,0.0612714492957397,0.951143028229646,"tmax:deltaProp",0.031788576099222,"p > 0.05"
4880,"AMCR",731,-0.00015226341053482,0.00112976627387669,-0.1347742573447,0.892790359772016,"deltaProp:tmin",0.031788576099222,"p > 0.05"
7560,"VEER",281,-0.0036937832634281,0.0027351660585184,-1.35047861241338,0.176862509564881,"tmax",0.0948487915815471,"p > 0.05"
7560,"VEER",281,0.00482613746736428,0.00344504158159313,1.40089382176121,0.161245826567061,"deltaProp",0.0948487915815471,"p > 0.05"
7560,"VEER",281,0.00121484848826769,0.00271127347555496,0.448073017798039,0.65410050039825,"tmin",0.0948487915815471,"p > 0.05"
7560,"VEER",281,-0.00828364997301534,0.00289477519288503,-2.86158662454184,0.00421526294820396,"deltaED",0.0948487915815471,"p < 0.05"
7560,"VEER",281,-0.00720778343871591,0.00386498186571361,-1.86489450381551,0.0621961929964325,"tmax:deltaProp",0.0948487915815471,"p > 0.05"
7560,"VEER",281,-0.0017529657316288,0.0020684081000467,-0.847495100985738,0.396719216562225,"deltaProp:tmin",0.0948487915815471,"p > 0.05"
6240,"REVI",661,-0.00345342301699277,0.00163048427405332,-2.11803515798879,0.0341720902524991,"tmax",0.0697293459957763,"p < 0.05"
6240,"REVI",661,0.00326373062955914,0.00147238326625849,2.21663116143169,0.0266483063549972,"deltaProp",0.0697293459957763,"p < 0.05"
6240,"REVI",661,0.0012340155504208,0.00187516291624243,0.658084446813612,0.510483869338574,"tmin",0.0697293459957763,"p > 0.05"
6240,"REVI",661,0.00044380246100152,0.00151862291375682,0.292240066300348,0.770103079547404,"deltaED",0.0697293459957763,"p > 0.05"
6240,"REVI",661,-0.00212372797661738,0.00198527066360124,-1.06974228529876,0.284735327214149,"tmax:deltaProp",0.0697293459957763,"p > 0.05"
6240,"REVI",661,0.000583891786629803,0.00180099510657784,0.324205093338252,0.745782766239695,"deltaProp:tmin",0.0697293459957763,"p > 0.05"
3160,"MODO",709,0.000121340064411428,0.00130576435322139,0.0929264641909356,0.92596198132613,"tmax",0.0973497513202792,"p > 0.05"
3160,"MODO",709,-0.00117666342259776,0.00117638507105968,-1.00023661600689,0.317196013116919,"deltaProp",0.0973497513202792,"p > 0.05"
3160,"MODO",709,0.000648688445087467,0.00154605813540177,0.419575713379558,0.674795433435514,"tmin",0.0973497513202792,"p > 0.05"
3160,"MODO",709,0.00509970399838395,0.00122701446563552,4.15618897837738,3.23600188270046e-05,"deltaED",0.0973497513202792,"p < 0.05"
3160,"MODO",709,-0.002513609209693,0.00116651580892953,-2.15480080977182,0.0311774248637806,"tmax:deltaProp",0.0973497513202792,"p < 0.05"
3160,"MODO",709,0.000962239763470964,0.00138695328551838,0.693779504701431,0.487820497619935,"deltaProp:tmin",0.0973497513202792,"p > 0.05"
6870,"AMRE",326,0.00792121905131675,0.00317537195960626,2.49457989554678,0.0126106333307434,"tmax",0.0895143697053032,"p < 0.05"
6870,"AMRE",326,0.00467801164553479,0.00412429110797582,1.13425835448137,0.25668619258722,"deltaProp",0.0895143697053032,"p > 0.05"
6870,"AMRE",326,-0.00552616080959408,0.00379973014291755,-1.45435612576185,0.145847597239178,"tmin",0.0895143697053032,"p > 0.05"
6870,"AMRE",326,-0.000798367985112496,0.00324769157183309,-0.245826294601576,0.805816701376683,"deltaED",0.0895143697053032,"p > 0.05"
6870,"AMRE",326,-0.0104928421793297,0.0044927524187632,-2.33550420795683,0.0195170963364597,"tmax:deltaProp",0.0895143697053032,"p < 0.05"
6870,"AMRE",326,-0.00321044256638448,0.00518685608819559,-0.618957324397511,0.535944472916022,"deltaProp:tmin",0.0895143697053032,"p > 0.05"
7350,"BCCH",401,-0.00295109029663698,0.00180971974888097,-1.63068911551735,0.102955934427717,"tmax",0.0421263220733085,"p > 0.05"
7350,"BCCH",401,0.00152493890041496,0.0021700333100174,0.702726033455559,0.482226500488763,"deltaProp",0.0421263220733085,"p > 0.05"
7350,"BCCH",401,0.00178428404535451,0.00181939236616349,0.980703271343819,0.326739090200568,"tmin",0.0421263220733085,"p > 0.05"
7350,"BCCH",401,-0.00235601852614707,0.00207205668992943,-1.13704346874183,0.255520114397103,"deltaED",0.0421263220733085,"p > 0.05"
7350,"BCCH",401,-0.00477214639926176,0.00192420067071076,-2.4800669035725,0.0131357733049968,"tmax:deltaProp",0.0421263220733085,"p < 0.05"
7350,"BCCH",401,0.00105518887157246,0.00140069994737226,0.753329700305919,0.451251815580739,"deltaProp:tmin",0.0421263220733085,"p > 0.05"
6190,"CEDW",467,0.000622386747376544,0.00258915003419993,0.240382650350684,0.810033626965091,"tmax",0.0234810785704333,"p > 0.05"
6190,"CEDW",467,0.00121108638487092,0.00292427060226875,0.414149902519731,0.678764328318941,"deltaProp",0.0234810785704333,"p > 0.05"
6190,"CEDW",467,-0.000843692586234176,0.0028275034107791,-0.298387822634563,0.765407182125563,"tmin",0.0234810785704333,"p > 0.05"
6190,"CEDW",467,-0.00374379538200316,0.00278340064404312,-1.34504365730295,0.178611136506366,"deltaED",0.0234810785704333,"p > 0.05"
6190,"CEDW",467,-0.00164468201601697,0.00288895017344733,-0.56930092845956,0.569151936844957,"tmax:deltaProp",0.0234810785704333,"p > 0.05"
6190,"CEDW",467,0.00459328084600569,0.00301543395375539,1.52325698935812,0.127694423203575,"deltaProp:tmin",0.0234810785704333,"p > 0.05"
6750,"NOWA",70,-0.000299173472618523,0.00429541396013249,-0.0696495088471741,0.94447263022745,"tmax",0.12558521615075,"p > 0.05"
6750,"NOWA",70,0.00787357823623631,0.0056837374440046,1.38528183502593,0.165966305915514,"deltaProp",0.12558521615075,"p > 0.05"
6750,"NOWA",70,0.000452318225746791,0.00455780669370271,0.0992403267939679,0.920947456725544,"tmin",0.12558521615075,"p > 0.05"
6750,"NOWA",70,-0.0101777236186082,0.00652583110608564,-1.55960573498707,0.118853080420415,"deltaED",0.12558521615075,"p > 0.05"
6750,"NOWA",70,-0.00967589393469276,0.00538873044590882,-1.79557950278229,0.0725614181772309,"tmax:deltaProp",0.12558521615075,"p > 0.05"
6750,"NOWA",70,-0.00106090150677652,0.00700910402547117,-0.151360502415315,0.879691344943385,"deltaProp:tmin",0.12558521615075,"p > 0.05"
7040,"GRCA",495,0.00301708263738107,0.0017553543252707,1.71878839157775,0.0856529100318828,"tmax",0.0824714687663,"p > 0.05"
7040,"GRCA",495,0.000434327108351331,0.00172817461857005,0.251321309597006,0.801565701092654,"deltaProp",0.0824714687663,"p > 0.05"
7040,"GRCA",495,-0.00518971879897578,0.00213032180737208,-2.43611964212003,0.0148457733192766,"tmin",0.0824714687663,"p < 0.05"
7040,"GRCA",495,5.03453003730717e-05,0.00158372831526267,0.0317891016330801,0.974640237882272,"deltaED",0.0824714687663,"p > 0.05"
7040,"GRCA",495,0.000569355722143631,0.00214198810526488,0.265807135317039,0.790387747660297,"tmax:deltaProp",0.0824714687663,"p > 0.05"
7040,"GRCA",495,-0.00136947112697041,0.00204761544170019,-0.668812658412705,0.503614990876378,"deltaProp:tmin",0.0824714687663,"p > 0.05"
7260,"BRCR",81,0.00214317546097023,0.00179712033283855,1.19256091081285,0.233041382357822,"tmax",0.529483879933809,"p > 0.05"
7260,"BRCR",81,0.013201345599939,0.00323127503951254,4.08549115705436,4.39836757830658e-05,"deltaProp",0.529483879933809,"p < 0.05"
7260,"BRCR",81,0.00391324559944092,0.00311145809363064,1.2576886725396,0.208504370440518,"tmin",0.529483879933809,"p > 0.05"
7260,"BRCR",81,0.00680092699373616,0.00209371260151826,3.24826195763662,0.00116112318206252,"deltaED",0.529483879933809,"p < 0.05"
7260,"BRCR",81,-0.00615334035118706,0.00193701735055817,-3.17670894863895,0.001489564433244,"tmax:deltaProp",0.529483879933809,"p < 0.05"
7260,"BRCR",81,0.00610096040587324,0.00361368684636067,1.68829250160884,0.0913550939167105,"deltaProp:tmin",0.529483879933809,"p > 0.05"
3370,"RTHA",308,-0.00241274037027847,0.00182511793664923,-1.32196408891146,0.18618010934713,"tmax",0.0270513520291204,"p > 0.05"
3370,"RTHA",308,-0.00147725161934663,0.00163577646823937,-0.903088929342919,0.366478699077417,"deltaProp",0.0270513520291204,"p > 0.05"
3370,"RTHA",308,0.00138603441497095,0.00174701641188254,0.793372292065299,0.427560949075591,"tmin",0.0270513520291204,"p > 0.05"
3370,"RTHA",308,0.000358043031530833,0.00193463835628077,0.185069747205442,0.853174329920258,"deltaED",0.0270513520291204,"p > 0.05"
3370,"RTHA",308,0.00126512093704154,0.00178523425670543,0.708658223585889,0.478536595547462,"tmax:deltaProp",0.0270513520291204,"p > 0.05"
3370,"RTHA",308,-0.00273394967081057,0.00162067200624593,-1.68692348622928,0.0916180653691656,"deltaProp:tmin",0.0270513520291204,"p > 0.05"
3940,"DOWO",576,0.00139356224180186,0.00191601967511375,0.727321467468292,0.467029050302216,"tmax",0.0170549840322591,"p > 0.05"
3940,"DOWO",576,-0.00274575702248494,0.00145886192231055,-1.88212261934714,0.0598193688692152,"deltaProp",0.0170549840322591,"p > 0.05"
3940,"DOWO",576,0.00342665787360366,0.00200285946833231,1.71088282916668,0.0871027449930106,"tmin",0.0170549840322591,"p > 0.05"
3940,"DOWO",576,-0.00144136986575424,0.00151229826884375,-0.953098932564581,0.340539946927077,"deltaED",0.0170549840322591,"p > 0.05"
3940,"DOWO",576,0.000616708278578954,0.00150537366513222,0.409671228388859,0.682047138591966,"tmax:deltaProp",0.0170549840322591,"p > 0.05"
3940,"DOWO",576,-0.000268055312438741,0.0019121019588614,-0.140188817440656,0.88851080704361,"deltaProp:tmin",0.0170549840322591,"p > 0.05"
7210,"HOWR",430,0.000838835657270015,0.00204794862593756,0.409597998038644,0.68210086573574,"tmax",0.0496627549499587,"p > 0.05"
7210,"HOWR",430,0.00219748052949747,0.00250975384740308,0.875576117463183,0.381260513448926,"deltaProp",0.0496627549499587,"p > 0.05"
7210,"HOWR",430,0.00336432441616914,0.00215222565599977,1.56318386354628,0.118009354461416,"tmin",0.0496627549499587,"p > 0.05"
7210,"HOWR",430,0.000443040932452936,0.00198538371232117,0.22315128793666,0.823417762575704,"deltaED",0.0496627549499587,"p > 0.05"
7210,"HOWR",430,-0.00221129124299898,0.00194830798792857,-1.134980329958,0.25638356005633,"tmax:deltaProp",0.0496627549499587,"p > 0.05"
7210,"HOWR",430,-0.00409363045114664,0.00214343484822139,-1.90984599067404,0.0561530457576374,"deltaProp:tmin",0.0496627549499587,"p > 0.05"
6570,"MAWA",120,0.00293202033333364,0.00416053387714611,0.704722139011842,0.480983171029409,"tmax",0.10418121095494,"p > 0.05"
6570,"MAWA",120,-0.000105135241958407,0.00638217956179045,-0.0164732503904845,0.986856842288571,"deltaProp",0.10418121095494,"p > 0.05"
6570,"MAWA",120,-0.0170417240656899,0.00533645385082409,-3.19345478141036,0.00140581352909774,"tmin",0.10418121095494,"p < 0.05"
6570,"MAWA",120,0.000969974930918905,0.00651188225914414,0.148954617469756,0.881589443379314,"deltaED",0.10418121095494,"p > 0.05"
6570,"MAWA",120,-0.00437317788908667,0.00748106728065838,-0.584566041852494,0.55883954667805,"tmax:deltaProp",0.10418121095494,"p > 0.05"
6570,"MAWA",120,-0.00217884250025628,0.00760369384557835,-0.286550529848503,0.774456497922781,"deltaProp:tmin",0.10418121095494,"p > 0.05"
6290,"BHVI",181,-0.00232400610868499,0.00287196910285677,-0.809203032989906,0.418398370632373,"tmax",0.0278375048881497,"p > 0.05"
6290,"BHVI",181,-0.004337930726738,0.00399374428360167,-1.08618139237145,0.277398748033783,"deltaProp",0.0278375048881497,"p > 0.05"
6290,"BHVI",181,0.00341602366191723,0.00363051078522055,0.940920951350295,0.346745369990061,"tmin",0.0278375048881497,"p > 0.05"
6290,"BHVI",181,0.00534489461918868,0.00370064079529042,1.44431597521997,0.148650114078655,"deltaED",0.0278375048881497,"p > 0.05"
6290,"BHVI",181,0.00125456302747957,0.00403655228640347,0.310800638382756,0.755952184344598,"tmax:deltaProp",0.0278375048881497,"p > 0.05"
6290,"BHVI",181,0.00430249555474319,0.00515735148691624,0.834245167438802,0.404142843551231,"deltaProp:tmin",0.0278375048881497,"p > 0.05"
7270,"WBNU",470,-0.00158031037603554,0.00211015022772906,-0.74890894272313,0.453912089926864,"tmax",0.0704171497149523,"p > 0.05"
7270,"WBNU",470,0.000120609586391461,0.0020522845563868,0.0587684519751995,0.953136536690333,"deltaProp",0.0704171497149523,"p > 0.05"
7270,"WBNU",470,0.00333809091887111,0.00235158660417646,1.4195058404154,0.155751595354204,"tmin",0.0704171497149523,"p > 0.05"
7270,"WBNU",470,-0.00550171401190208,0.00163445377983152,-3.36608723953589,0.000762425915006304,"deltaED",0.0704171497149523,"p < 0.05"
7270,"WBNU",470,0.00121387242109935,0.00182977557583078,0.663399619676424,0.507074649421746,"tmax:deltaProp",0.0704171497149523,"p > 0.05"
7270,"WBNU",470,-0.00502421269302432,0.00234354130094347,-2.14385498177551,0.032044508269657,"deltaProp:tmin",0.0704171497149523,"p < 0.05"
6830,"YBCH",298,0.00288199380491971,0.00331008034331744,0.870671858687063,0.383933348231555,"tmax",0.129464767610154,"p > 0.05"
6830,"YBCH",298,-0.0011570914002213,0.00214929036404725,-0.538359739371102,0.590328715822899,"deltaProp",0.129464767610154,"p > 0.05"
6830,"YBCH",298,-0.000814076405952422,0.00393051796324158,-0.207116826221305,0.835918621582729,"tmin",0.129464767610154,"p > 0.05"
6830,"YBCH",298,-0.00575492578024855,0.00236916513767725,-2.42909440491376,0.0151365904212748,"deltaED",0.129464767610154,"p < 0.05"
6830,"YBCH",298,0.00347944531416722,0.00276923267399371,1.25646549921328,0.208947247020846,"tmax:deltaProp",0.129464767610154,"p > 0.05"
6830,"YBCH",298,-0.00120309754955777,0.00297199535776914,-0.404811382498542,0.685616161323481,"deltaProp:tmin",0.129464767610154,"p > 0.05"
7510,"BGGN",365,-0.000455689250475836,0.00368013273054686,-0.123824134573571,0.901454522243287,"tmax",0.0581306674496318,"p > 0.05"
7510,"BGGN",365,0.00107037765119742,0.00261917950908506,0.408669068876203,0.682782535945725,"deltaProp",0.0581306674496318,"p > 0.05"
7510,"BGGN",365,-0.000328034576387821,0.00438166111076511,-0.0748653462911333,0.940321848805063,"tmin",0.0581306674496318,"p > 0.05"
7510,"BGGN",365,-0.00411663046358815,0.00270581872027013,-1.52139921006133,0.128159686996891,"deltaED",0.0581306674496318,"p > 0.05"
7510,"BGGN",365,-0.00103446148244922,0.00310672251540015,-0.332975177963705,0.739153020153513,"tmax:deltaProp",0.0581306674496318,"p > 0.05"
7510,"BGGN",365,-0.00169845189391095,0.00337537016967156,-0.503189815793217,0.614830824344462,"deltaProp:tmin",0.0581306674496318,"p > 0.05"
3390,"RSHA",167,0.00841232690341855,0.00387399989901505,2.17148351128181,0.0298946422274806,"tmax",0.061310365038471,"p < 0.05"
3390,"RSHA",167,0.00401116417086572,0.00222912580833445,1.79943373131675,0.0719500978100389,"deltaProp",0.061310365038471,"p > 0.05"
3390,"RSHA",167,-0.00246202404364927,0.00415810729421446,-0.592102095844161,0.55378222356861,"tmin",0.061310365038471,"p > 0.05"
3390,"RSHA",167,0.00482893402774993,0.00285252844338346,1.69286095602335,0.0904819366809579,"deltaED",0.061310365038471,"p > 0.05"
3390,"RSHA",167,-0.00165034822335602,0.00266232285701179,-0.619890340876382,0.535329985441428,"tmax:deltaProp",0.061310365038471,"p > 0.05"
3390,"RSHA",167,-8.15567000118117e-05,0.00335481790836197,-0.0243103209293505,0.98060508065386,"deltaProp:tmin",0.061310365038471,"p > 0.05"
5110,"COGR",615,-3.89156138089662e-05,0.00245668121043565,-0.0158407259532323,0.987361457894161,"tmax",0.0738770107612332,"p > 0.05"
5110,"COGR",615,-0.00225611410428682,0.00204325958280306,-1.10417399887672,0.269517666315101,"deltaProp",0.0738770107612332,"p > 0.05"
5110,"COGR",615,-0.00733276849428461,0.00294276783873778,-2.49179306561601,0.0127100063782517,"tmin",0.0738770107612332,"p < 0.05"
5110,"COGR",615,0.00719179544277822,0.00203325162418075,3.53709071580159,0.000404560683180399,"deltaED",0.0738770107612332,"p < 0.05"
5110,"COGR",615,-0.00244639689484967,0.00268552828560426,-0.910955549402905,0.362318794992202,"tmax:deltaProp",0.0738770107612332,"p > 0.05"
5110,"COGR",615,-0.00294581816246398,0.00281634566818493,-1.0459718051451,0.295574050024179,"deltaProp:tmin",0.0738770107612332,"p > 0.05"
4090,"RBWO",442,-0.00235199094371107,0.00278822143956502,-0.843545247280643,0.398923571280146,"tmax",0.215011381602657,"p > 0.05"
4090,"RBWO",442,0.000299564241626933,0.00167520486725276,0.178822451798508,0.858077115447943,"deltaProp",0.215011381602657,"p > 0.05"
4090,"RBWO",442,0.0110465173162998,0.00283797547733042,3.89239350534868,9.92600748099814e-05,"tmin",0.215011381602657,"p < 0.05"
4090,"RBWO",442,0.00172406813261748,0.00182906310657052,0.942596308691669,0.34588742864465,"deltaED",0.215011381602657,"p > 0.05"
4090,"RBWO",442,0.000397152779322245,0.00235306969128707,0.168780712612474,0.865969129768533,"tmax:deltaProp",0.215011381602657,"p > 0.05"
4090,"RBWO",442,-0.00278194815403175,0.00225046470196521,-1.23616609120882,0.216396832119903,"deltaProp:tmin",0.215011381602657,"p > 0.05"
5070,"BAOR",343,0.00103237971189349,0.0027871599062039,0.370405626744104,0.711080281962171,"tmax",0.0505967444026656,"p > 0.05"
5070,"BAOR",343,0.00353863259913103,0.00273482783425042,1.2939142109108,0.195695055271191,"deltaProp",0.0505967444026656,"p > 0.05"
5070,"BAOR",343,0.00441419608405196,0.00308911833743323,1.42895014106832,0.153018564384436,"tmin",0.0505967444026656,"p > 0.05"
5070,"BAOR",343,0.00429065241555043,0.0024928213404305,1.7212033393494,0.0852139320863516,"deltaED",0.0505967444026656,"p > 0.05"
5070,"BAOR",343,0.00396138236095684,0.00332778316147267,1.19039678030097,0.233890477936707,"tmax:deltaProp",0.0505967444026656,"p > 0.05"
5070,"BAOR",343,0.00224665431568472,0.00386157970602299,0.58179669635734,0.560703629580409,"deltaProp:tmin",0.0505967444026656,"p > 0.05"
7310,"TUTI",488,-0.00564681512207643,0.00247601763313695,-2.28060375923991,0.0225719046552035,"tmax",0.0614551675225924,"p < 0.05"
7310,"TUTI",488,-0.00197085715862519,0.00162126079104175,-1.21563240751589,0.224124983154787,"deltaProp",0.0614551675225924,"p > 0.05"
7310,"TUTI",488,0.000174898030704751,0.00254608100236858,0.0686930347235796,0.945233962594031,"tmin",0.0614551675225924,"p > 0.05"
7310,"TUTI",488,-0.000488975969582754,0.00166172235052765,-0.29425852605731,0.768560361785708,"deltaED",0.0614551675225924,"p > 0.05"
7310,"TUTI",488,-0.00211288823485003,0.00217842044449388,-0.969917556636284,0.332087588102218,"tmax:deltaProp",0.0614551675225924,"p > 0.05"
7310,"TUTI",488,0.0016612283059951,0.00212519209286985,0.78168383534299,0.434400403798867,"deltaProp:tmin",0.0614551675225924,"p > 0.05"
5870,"EATO",468,0.00384026434909759,0.00293742260322281,1.30735847980615,0.191090991621562,"tmax",0.0866990531561439,"p > 0.05"
5870,"EATO",468,0.00287922044448,0.00192187041611773,1.49813453619634,0.13409829973435,"deltaProp",0.0866990531561439,"p > 0.05"
5870,"EATO",468,-0.00415460711258986,0.00297726164162522,-1.39544575273604,0.162881462518542,"tmin",0.0866990531561439,"p > 0.05"
5870,"EATO",468,-0.000223230810569006,0.00192672276597802,-0.115860368969945,0.907763205088241,"deltaED",0.0866990531561439,"p > 0.05"
5870,"EATO",468,-0.00376439093217731,0.00251272316649456,-1.49813197982686,0.134098963779654,"tmax:deltaProp",0.0866990531561439,"p > 0.05"
5870,"EATO",468,-0.00213886451037402,0.00254088925134183,-0.841777936304975,0.399912264190374,"deltaProp:tmin",0.0866990531561439,"p > 0.05"
6080,"SCTA",373,0.00120789286412812,0.00227996710148702,0.529785216348218,0.596260856383232,"tmax",0.0337486928512254,"p > 0.05"
6080,"SCTA",373,0.00186369431915463,0.00224880221976585,0.82874976855398,0.407246017416083,"deltaProp",0.0337486928512254,"p > 0.05"
6080,"SCTA",373,-0.00293268603153974,0.00250019844669301,-1.17298130291169,0.240803303593129,"tmin",0.0337486928512254,"p > 0.05"
6080,"SCTA",373,0.00292807512679648,0.00166337395937168,1.76032281273811,0.0783530883428385,"deltaED",0.0337486928512254,"p > 0.05"
6080,"SCTA",373,-0.00550710668040387,0.00253064108648449,-2.17617057978547,0.0295425079196774,"tmax:deltaProp",0.0337486928512254,"p < 0.05"
6080,"SCTA",373,-0.00298414015951496,0.00256954908995385,-1.16134779101206,0.245500491633266,"deltaProp:tmin",0.0337486928512254,"p > 0.05"
7550,"WOTH",518,0.00438157350134465,0.00290106110111377,1.51033478738607,0.130958019443473,"tmax",0.180420917825494,"p > 0.05"
7550,"WOTH",518,0.00573295385634387,0.00198245541235301,2.89184504257744,0.00382986790929252,"deltaProp",0.180420917825494,"p < 0.05"
7550,"WOTH",518,-0.00115399923185401,0.00301267649844389,-0.383047842159644,0.701684291417878,"tmin",0.180420917825494,"p > 0.05"
7550,"WOTH",518,-0.00303583283798717,0.00195674742595898,-1.55146893140762,0.120789347218973,"deltaED",0.180420917825494,"p > 0.05"
7550,"WOTH",518,-0.00186298588044455,0.00255326240792041,-0.729649202786768,0.46560463854257,"tmax:deltaProp",0.180420917825494,"p > 0.05"
7550,"WOTH",518,-0.00232147465773749,0.00253831337507149,-0.91457370100022,0.36041547026613,"deltaProp:tmin",0.180420917825494,"p > 0.05"
5930,"NOCA",537,-0.00279783802498834,0.00164002025598845,-1.70597772483125,0.0880122269944175,"tmax",0.0611509010589162,"p > 0.05"
5930,"NOCA",537,-4.00960833219681e-06,0.00112134796512514,-0.0035757039357086,0.997147007115263,"deltaProp",0.0611509010589162,"p > 0.05"
5930,"NOCA",537,-0.00202494228931576,0.00183562154756765,-1.10313713194257,0.269967617786452,"tmin",0.0611509010589162,"p > 0.05"
5930,"NOCA",537,0.00255268628778055,0.00114672838393412,2.2260600884605,0.0260101568337072,"deltaED",0.0611509010589162,"p < 0.05"
5930,"NOCA",537,0.00101043200011922,0.00158182247267954,0.638777117894645,0.522967936031629,"tmax:deltaProp",0.0611509010589162,"p > 0.05"
5930,"NOCA",537,-0.00268973480984899,0.00149210719202236,-1.80264181034032,0.0714444862606476,"deltaProp:tmin",0.0611509010589162,"p > 0.05"
4520,"GCFL",541,-0.00468890261232473,0.00234901265703886,-1.99611636756164,0.0459212578471977,"tmax",0.152817370618044,"p < 0.05"
4520,"GCFL",541,-0.00515888259955089,0.00161035749707729,-3.20356356207486,0.00135738073320257,"deltaProp",0.152817370618044,"p < 0.05"
4520,"GCFL",541,0.00112425799307498,0.00249081782777026,0.451360986958007,0.651729396338966,"tmin",0.152817370618044,"p > 0.05"
4520,"GCFL",541,-0.00649263809358551,0.00171433123428985,-3.78727165656235,0.000152310548819257,"deltaED",0.152817370618044,"p < 0.05"
4520,"GCFL",541,-0.00411221364537161,0.00218616159006463,-1.88101998683914,0.0599692000622312,"tmax:deltaProp",0.152817370618044,"p > 0.05"
4520,"GCFL",541,0.00274793953380207,0.00212506918299944,1.29310591663819,0.195974429083503,"deltaProp:tmin",0.152817370618044,"p > 0.05"
7180,"CARW",393,-0.00239486516211577,0.0029673404992412,-0.807074605266291,0.419623501851118,"tmax",0.0699580398309009,"p > 0.05"
7180,"CARW",393,0.000807189814897727,0.00175838339515397,0.459052227814655,0.646196661186556,"deltaProp",0.0699580398309009,"p > 0.05"
7180,"CARW",393,0.00383743183754126,0.00304740540684263,1.25924559591734,0.207941637085455,"tmin",0.0699580398309009,"p > 0.05"
7180,"CARW",393,-0.00182390601434336,0.00201505995567244,-0.905137343039857,0.365392630874865,"deltaED",0.0699580398309009,"p > 0.05"
7180,"CARW",393,-0.00319965960179407,0.0024243782436455,-1.31978564408448,0.186906595997245,"tmax:deltaProp",0.0699580398309009,"p > 0.05"
7180,"CARW",393,-0.00257510381310386,0.00237897158194459,-1.08244412528835,0.279055230384301,"deltaProp:tmin",0.0699580398309009,"p > 0.05"
6730,"PRAW",188,0.00734742473491084,0.00575446780944703,1.27682089434034,0.201665487096917,"tmax",0.062315948673909,"p > 0.05"
6730,"PRAW",188,-0.00207086542795471,0.00374537903635137,-0.552912110591638,0.580323594241015,"deltaProp",0.062315948673909,"p > 0.05"
6730,"PRAW",188,-0.00596975517629235,0.00612987716686569,-0.973878434067349,0.330116902844799,"tmin",0.062315948673909,"p > 0.05"
6730,"PRAW",188,-0.00236877982862709,0.00386021119714842,-0.613639955859653,0.539453274166461,"deltaED",0.062315948673909,"p > 0.05"
6730,"PRAW",188,-0.0021511648999359,0.0052161488012398,-0.412404818555906,0.680042731935598,"tmax:deltaProp",0.062315948673909,"p > 0.05"
6730,"PRAW",188,0.00554802947406288,0.00438798234459284,1.26436914243731,0.206097563083521,"deltaProp:tmin",0.062315948673909,"p > 0.05"
4120,"NOFL",519,0.00166033067491766,0.00199554034404428,0.832020600271474,0.40539731678241,"tmax",0.125012344858535,"p > 0.05"
4120,"NOFL",519,-0.00173378853394312,0.00187803132948649,-0.923194680898743,0.355905760298622,"deltaProp",0.125012344858535,"p > 0.05"
4120,"NOFL",519,-0.00728728415423589,0.0023744448861872,-3.06904750522028,0.00214742441208648,"tmin",0.125012344858535,"p < 0.05"
4120,"NOFL",519,0.0078927271337403,0.00169880033240547,4.64605932974143,3.38335735450279e-06,"deltaED",0.125012344858535,"p < 0.05"
4120,"NOFL",519,-0.000525912306679889,0.00248247074132349,-0.21185035453812,0.832223782748485,"tmax:deltaProp",0.125012344858535,"p > 0.05"
4120,"NOFL",519,0.000403420717983681,0.00230076136810271,0.175342268684021,0.860810700596502,"deltaProp:tmin",0.125012344858535,"p > 0.05"
6280,"YTVI",301,-0.000832952270902835,0.0033170822706581,-0.251109922196045,0.801729124835404,"tmax",0.0223846046362374,"p > 0.05"
6280,"YTVI",301,0.00262818405996491,0.00201474751890861,1.30447315869563,0.192072305439904,"deltaProp",0.0223846046362374,"p > 0.05"
6280,"YTVI",301,-0.00375585301585212,0.00345099168488528,-1.0883402102364,0.276444945441398,"tmin",0.0223846046362374,"p > 0.05"
6280,"YTVI",301,0.0012700461141154,0.00226782334939443,0.56002867880099,0.575459876286535,"deltaED",0.0223846046362374,"p > 0.05"
6280,"YTVI",301,0.000718592244261487,0.00301723338095804,0.238162632296384,0.811754958403957,"tmax:deltaProp",0.0223846046362374,"p > 0.05"
6280,"YTVI",301,-2.48296306323806e-05,0.00279599895750003,-0.0088804148391319,0.992914547235009,"deltaProp:tmin",0.0223846046362374,"p > 0.05"
6740,"OVEN",443,0.00407545558041406,0.00207757832877134,1.96163751035286,0.0498047018942405,"tmax",0.0414374300305922,"p < 0.05"
6740,"OVEN",443,0.00021164581336617,0.00235460750723545,0.0898858143940362,0.92837795399088,"deltaProp",0.0414374300305922,"p > 0.05"
6740,"OVEN",443,-0.00243919616143213,0.0022191514942215,-1.0991571182876,0.271699539384221,"tmin",0.0414374300305922,"p > 0.05"
6740,"OVEN",443,0.000584344614334148,0.00197279986723356,0.296200655748,0.767076848082356,"deltaED",0.0414374300305922,"p > 0.05"
6740,"OVEN",443,-0.000457732754006692,0.00263678063842788,-0.173595310635929,0.862183517636089,"tmax:deltaProp",0.0414374300305922,"p > 0.05"
6740,"OVEN",443,-0.00034644392805619,0.00251912186627501,-0.137525672217069,0.89061530203546,"deltaProp:tmin",0.0414374300305922,"p > 0.05"
4610,"EAWP",556,0.00563683485557096,0.00234603937862563,2.40270257478506,0.0162744179250096,"tmax",0.0931950610436828,"p < 0.05"
4610,"EAWP",556,0.0058394581686852,0.00176677947237389,3.3051426394711,0.00094928074890066,"deltaProp",0.0931950610436828,"p < 0.05"
4610,"EAWP",556,-0.000712189113724772,0.00274901741379752,-0.25907042645501,0.795580902264301,"tmin",0.0931950610436828,"p > 0.05"
4610,"EAWP",556,-0.0028089553210302,0.0017958274744022,-1.56415655794845,0.117780806429113,"deltaED",0.0931950610436828,"p > 0.05"
4610,"EAWP",556,-0.00219093731797432,0.00246872274159506,-0.887478079680483,0.37482156271309,"tmax:deltaProp",0.0931950610436828,"p > 0.05"
4610,"EAWP",556,-0.00440439252242676,0.00229117340862751,-1.92233049922884,0.0545641846503906,"deltaProp:tmin",0.0931950610436828,"p > 0.05"
6310,"WEVI",277,0.00347419071938493,0.00429028760627184,0.809780377964897,0.418066412054153,"tmax",0.18557163097948,"p > 0.05"
6310,"WEVI",277,0.00149642734570381,0.00223401680441449,0.669837103618389,0.502961638110154,"deltaProp",0.18557163097948,"p > 0.05"
6310,"WEVI",277,-0.00533346695048563,0.00458517186331133,-1.16319891805187,0.2447488054214,"tmin",0.18557163097948,"p > 0.05"
6310,"WEVI",277,-0.00131914848351783,0.002765932341384,-0.476927242138454,0.633413932429978,"deltaED",0.18557163097948,"p > 0.05"
6310,"WEVI",277,-0.00418264390768842,0.00301982850499344,-1.38506007899859,0.166034097438727,"tmax:deltaProp",0.18557163097948,"p > 0.05"
6310,"WEVI",277,0.00102130431679893,0.00301058405838645,0.339237934232041,0.73443049439001,"deltaProp:tmin",0.18557163097948,"p > 0.05"
4770,"BLJA",646,-0.00325496438317062,0.00151641524455638,-2.14648619159908,0.031834209277199,"tmax",0.0854267539782628,"p < 0.05"
4770,"BLJA",646,0.000577531422015241,0.00127432649837425,0.453205220759388,0.650400973452398,"deltaProp",0.0854267539782628,"p > 0.05"
4770,"BLJA",646,-0.00266598504479517,0.00183222584211954,-1.45505263789486,0.145654689611029,"tmin",0.0854267539782628,"p > 0.05"
4770,"BLJA",646,0.00521330200786193,0.0012920116201421,4.03502718287362,5.45959765381188e-05,"deltaED",0.0854267539782628,"p < 0.05"
4770,"BLJA",646,-0.00233832419465774,0.00169800996879573,-1.37709685904621,0.168482303681777,"tmax:deltaProp",0.0854267539782628,"p > 0.05"
4770,"BLJA",646,0.00154187120475758,0.00168987844669464,0.912415450811533,0.361550059005023,"deltaProp:tmin",0.0854267539782628,"p > 0.05"
6390,"WEWA",75,-0.00804048992179376,0.0054591284248972,-1.4728523119412,0.140790863184428,"tmax",0.161642609544139,"p > 0.05"
6390,"WEWA",75,-0.00575541984960879,0.00491119460833283,-1.17189814466801,0.241237952052539,"deltaProp",0.161642609544139,"p > 0.05"
6390,"WEWA",75,0.00266403200903311,0.00675714499307993,0.394254083901023,0.693393459292562,"tmin",0.161642609544139,"p > 0.05"
6390,"WEWA",75,-0.0106835174899967,0.00478066093101992,-2.23473650278675,0.0254346526704881,"deltaED",0.161642609544139,"p < 0.05"
6390,"WEWA",75,0.00918931734907845,0.0071836396385181,1.27920076889799,0.200826365176422,"tmax:deltaProp",0.161642609544139,"p > 0.05"
6390,"WEWA",75,0.00922916881281571,0.00665684512181784,1.38641783666666,0.165619353077682,"deltaProp:tmin",0.161642609544139,"p > 0.05"
5980,"INBU",562,-0.00206692117654849,0.00219371224732229,-0.942202505853465,0.346088971229571,"tmax",0.122178321859842,"p > 0.05"
5980,"INBU",562,0.00480319951258204,0.00150710496738904,3.18703714506579,0.0014373831376211,"deltaProp",0.122178321859842,"p < 0.05"
5980,"INBU",562,0.00046055687509897,0.0023465904498692,0.19626640648974,0.84440165373954,"tmin",0.122178321859842,"p > 0.05"
5980,"INBU",562,0.00203889511758872,0.00154078472138741,1.32328357705467,0.185741091103258,"deltaED",0.122178321859842,"p > 0.05"
5980,"INBU",562,-0.00183659395781682,0.00210517381800517,-0.872419152332586,0.382979755938545,"tmax:deltaProp",0.122178321859842,"p > 0.05"
5980,"INBU",562,0.00161782242400153,0.00213275203217384,0.758560957671454,0.448115235212601,"deltaProp:tmin",0.122178321859842,"p > 0.05"
4900,"FICR",127,0.000373553449046176,0.0103449922034235,0.0361095921292774,0.971194973904098,"tmax",0.0563726331255805,"p > 0.05"
4900,"FICR",127,-0.00136822973182213,0.00486183656793718,-0.28142240338668,0.778386436764016,"deltaProp",0.0563726331255805,"p > 0.05"
4900,"FICR",127,0.00745460831082674,0.0080466724320454,0.926421247264795,0.354227106391315,"tmin",0.0563726331255805,"p > 0.05"
4900,"FICR",127,-0.0104074672080679,0.00603304316356042,-1.72507753150665,0.0845135010979612,"deltaED",0.0563726331255805,"p > 0.05"
4900,"FICR",127,-0.00257307213255929,0.00802255884295885,-0.320729605469656,0.748415309672774,"tmax:deltaProp",0.0563726331255805,"p > 0.05"
4900,"FICR",127,0.0106763903072021,0.00618787375485145,1.72537300051274,0.0844602737943576,"deltaProp:tmin",0.0563726331255805,"p > 0.05"
6360,"BAWW",289,0.0105383507960351,0.00281724218955824,3.74066199742935,0.000183536205122792,"tmax",0.11632447654705,"p < 0.05"
6360,"BAWW",289,0.00431074519737298,0.00289365677268218,1.48972236032585,0.136297252738443,"deltaProp",0.11632447654705,"p > 0.05"
6360,"BAWW",289,-0.00840118927048851,0.00344718919835563,-2.43711290186684,0.0148050560776669,"tmin",0.11632447654705,"p < 0.05"
6360,"BAWW",289,-0.00310472441629087,0.00300070750180961,-1.03466412984889,0.300825793298545,"deltaED",0.11632447654705,"p > 0.05"
6360,"BAWW",289,-0.000212814672434887,0.00333240282548238,-0.0638622290221115,0.949079927732146,"tmax:deltaProp",0.11632447654705,"p > 0.05"
6360,"BAWW",289,-0.00443402298381459,0.00312488013278003,-1.41894178189481,0.155915989776392,"deltaProp:tmin",0.11632447654705,"p > 0.05"
6710,"PIWA",290,-0.00475057138442972,0.00532290332565043,-0.892477487152036,0.37213705435849,"tmax",0.118712988925454,"p > 0.05"
6710,"PIWA",290,0.00461550767907762,0.00271147317598299,1.70221402887541,0.0887152538643725,"deltaProp",0.118712988925454,"p > 0.05"
6710,"PIWA",290,-0.00844088369911379,0.00478610052551058,-1.7636244065754,0.0777952357736738,"tmin",0.118712988925454,"p > 0.05"
6710,"PIWA",290,0.00316039761135521,0.00308236496463287,1.02531583625485,0.305214185898844,"deltaED",0.118712988925454,"p > 0.05"
6710,"PIWA",290,-0.00667704094617416,0.00421480076305843,-1.58418898579895,0.113150718980228,"tmax:deltaProp",0.118712988925454,"p > 0.05"
6710,"PIWA",290,-0.000562985100766698,0.00363652338273318,-0.1548141016884,0.876967873708999,"deltaProp:tmin",0.118712988925454,"p > 0.05"
6840,"HOWA",221,0.0114807454764006,0.0051941780440676,2.2103103472768,0.027083630994025,"tmax",0.0425216863451063,"p < 0.05"
6840,"HOWA",221,0.00246227159942366,0.00301291152503187,0.817239928543075,0.413791328501461,"deltaProp",0.0425216863451063,"p > 0.05"
6840,"HOWA",221,-0.00741143123180706,0.00463158269817663,-1.60019408370379,0.109555534231003,"tmin",0.0425216863451063,"p > 0.05"
6840,"HOWA",221,0.000391256320873655,0.00312417279981802,0.12523517293808,0.900337372454321,"deltaED",0.0425216863451063,"p > 0.05"
6840,"HOWA",221,0.00321769285925565,0.00429215996340767,0.749667506963331,0.453454981919089,"tmax:deltaProp",0.0425216863451063,"p > 0.05"
6840,"HOWA",221,-0.00185592902700956,0.00369153685624051,-0.502752403479904,0.615138361198881,"deltaProp:tmin",0.0425216863451063,"p > 0.05"
5950,"RBGR",283,-0.00192746128398279,0.00339681698514674,-0.567431596229939,0.570420988274261,"tmax",0.0125142896724842,"p > 0.05"
5950,"RBGR",283,-0.00377391719093393,0.00390345388789787,-0.96681485149202,0.333636598738483,"deltaProp",0.0125142896724842,"p > 0.05"
5950,"RBGR",283,-0.00232154942024808,0.00359199747382609,-0.646311540351734,0.518077615585433,"tmin",0.0125142896724842,"p > 0.05"
5950,"RBGR",283,-0.00422960626011596,0.0030670180578432,-1.37906141416406,0.167875819386449,"deltaED",0.0125142896724842,"p > 0.05"
5950,"RBGR",283,0.00105395207792672,0.00445127010981429,0.236775583580727,0.812830894475443,"tmax:deltaProp",0.0125142896724842,"p > 0.05"
5950,"RBGR",283,0.00162604804622679,0.00531323973297355,0.306037018457056,0.759576460447957,"deltaProp:tmin",0.0125142896724842,"p > 0.05"
6590,"CSWA",248,0.0114651471104355,0.00402463593465193,2.84874142570788,0.00438925374392141,"tmax",0.0717651639279648,"p < 0.05"
6590,"CSWA",248,0.00641459873206381,0.00495786811119779,1.29382197916396,0.19572691891671,"deltaProp",0.0717651639279648,"p > 0.05"
6590,"CSWA",248,-0.00816419986230113,0.00482559356299061,-1.69185401872955,0.0906738109701954,"tmin",0.0717651639279648,"p > 0.05"
6590,"CSWA",248,-0.00247108798373051,0.00402273472629923,-0.614280620488196,0.539029906436832,"deltaED",0.0717651639279648,"p > 0.05"
6590,"CSWA",248,-0.00267059208651901,0.005287587136561,-0.505068194158581,0.613510939697817,"tmax:deltaProp",0.0717651639279648,"p > 0.05"
6590,"CSWA",248,-0.0066669290518561,0.00697639612527571,-0.955640839788555,0.339253720915152,"deltaProp:tmin",0.0717651639279648,"p > 0.05"
6760,"LOWA",92,0.00302424157488083,0.00399168119205862,0.757636050919475,0.448668891948738,"tmax",0.0636354709898314,"p > 0.05"
6760,"LOWA",92,-3.24114986476514e-05,0.00423043322845826,-0.00766150814758597,0.993887060740239,"deltaProp",0.0636354709898314,"p > 0.05"
6760,"LOWA",92,-0.00106850248603792,0.00415996783496013,-0.256853545130395,0.797291833257169,"tmin",0.0636354709898314,"p > 0.05"
6760,"LOWA",92,-0.00451804682873027,0.00388346950734807,-1.16340473903078,0.244665327696185,"deltaED",0.0636354709898314,"p > 0.05"
6760,"LOWA",92,-0.000529313583369323,0.00465436411310991,-0.113724145878147,0.909456471053618,"tmax:deltaProp",0.0636354709898314,"p > 0.05"
6760,"LOWA",92,-0.00307102560994538,0.00463694151504527,-0.662295523888098,0.50778184492659,"deltaProp:tmin",0.0636354709898314,"p > 0.05"
6670,"BTNW",196,0.00224907049921125,0.00304465668845833,0.738694286202124,0.46009265613669,"tmax",0.0140214113287807,"p > 0.05"
6670,"BTNW",196,0.00361487837391785,0.00434693391184651,0.831592669045732,0.405638901449841,"deltaProp",0.0140214113287807,"p > 0.05"
6670,"BTNW",196,-0.00370790416105331,0.00394958920654404,-0.938807548620427,0.347829562563663,"tmin",0.0140214113287807,"p > 0.05"
6670,"BTNW",196,0.00162422534079369,0.00401566833837634,0.404471984220293,0.685865675436113,"deltaED",0.0140214113287807,"p > 0.05"
6670,"BTNW",196,0.000729506008464939,0.00431701482473914,0.16898390162675,0.865809303935388,"tmax:deltaProp",0.0140214113287807,"p > 0.05"
6670,"BTNW",196,-0.00632108365344393,0.00558388890993333,-1.13202174244534,0.257625293590179,"deltaProp:tmin",0.0140214113287807,"p > 0.05"
6540,"BTBW",95,0.00403983157148887,0.00625916615712584,0.645426478555721,0.518650848839028,"tmax",0.0202753306901628,"p > 0.05"
6540,"BTBW",95,-0.00603981361052026,0.0077792775539583,-0.776397752699676,0.437514171152312,"deltaProp",0.0202753306901628,"p > 0.05"
6540,"BTBW",95,-0.00364261584566757,0.0065666571972078,-0.554713872869204,0.579090385669397,"tmin",0.0202753306901628,"p > 0.05"
6540,"BTBW",95,-0.00201443954823568,0.00605870287589972,-0.332486934827042,0.73952160361406,"deltaED",0.0202753306901628,"p > 0.05"
6540,"BTBW",95,0.0078881522131644,0.0104014243076842,0.75837231323569,0.448228127796215,"tmax:deltaProp",0.0202753306901628,"p > 0.05"
6540,"BTBW",95,0.00289671738573436,0.00986516591868602,0.293630883617231,0.769039973826622,"deltaProp:tmin",0.0202753306901628,"p > 0.05"
4060,"RHWO",147,0.0132291993632545,0.00691349286056403,1.91353338031439,0.0556798044149522,"tmax",0.197933268238206,"p > 0.05"
4060,"RHWO",147,-0.0084011957803816,0.00292135557389825,-2.87578679413238,0.00403021835239303,"deltaProp",0.197933268238206,"p < 0.05"
4060,"RHWO",147,0.000484830993858494,0.00726460825415393,0.0667387664821797,0.946789671904207,"tmin",0.197933268238206,"p > 0.05"
4060,"RHWO",147,0.00566595215419596,0.00370182018211878,1.5305854621369,0.12587187696756,"deltaED",0.197933268238206,"p > 0.05"
4060,"RHWO",147,0.000670774454035581,0.00443193443931586,0.151350265492448,0.879699419803085,"tmax:deltaProp",0.197933268238206,"p > 0.05"
4060,"RHWO",147,-0.00534576566263823,0.0051599462112938,-1.03601189697244,0.300196592291733,"deltaProp:tmin",0.197933268238206,"p > 0.05"
2890,"NOBO",257,0.0036843038995349,0.00612468299070497,0.60155013820737,0.54747362781646,"tmax",0.13781994595043,"p > 0.05"
2890,"NOBO",257,-0.00102942853582084,0.00309706534289898,-0.332388381207759,0.739596010761654,"deltaProp",0.13781994595043,"p > 0.05"
2890,"NOBO",257,-0.0126579582993215,0.00630802690970681,-2.006643040765,0.0447876849448055,"tmin",0.13781994595043,"p < 0.05"
2890,"NOBO",257,0.00652863196476176,0.00371111873067201,1.75920859411026,0.0785420850790866,"deltaED",0.13781994595043,"p > 0.05"
2890,"NOBO",257,0.00246190514515668,0.00441446716301787,0.557690215884094,0.577055939954019,"tmax:deltaProp",0.13781994595043,"p > 0.05"
2890,"NOBO",257,-0.00367361854914771,0.00443854281846345,-0.827663199252285,0.407861265899282,"deltaProp:tmin",0.13781994595043,"p > 0.05"
7360,"CACH",314,0.00219916360713255,0.00423083673316386,0.519794013768997,0.603207152100723,"tmax",0.0681709451606122,"p > 0.05"
7360,"CACH",314,-0.00156297202102111,0.00224320299847674,-0.696759063750563,0.485953588685519,"deltaProp",0.0681709451606122,"p > 0.05"
7360,"CACH",314,0.00347545197783399,0.00446851805236293,0.77776388885711,0.436708220087754,"tmin",0.0681709451606122,"p > 0.05"
7360,"CACH",314,5.80879837714955e-05,0.00266318966127319,0.0218114333410732,0.982598373870062,"deltaED",0.0681709451606122,"p > 0.05"
7360,"CACH",314,0.00234659224310893,0.0030725424121334,0.763729813408691,0.445028270338778,"tmax:deltaProp",0.0681709451606122,"p > 0.05"
7360,"CACH",314,0.00458628597126232,0.00305377865242388,1.5018396856046,0.133138516406397,"deltaProp:tmin",0.0681709451606122,"p > 0.05"
4650,"ACFL",269,0.00961043356986066,0.00421073924272807,2.28236255342998,0.0224679442375726,"tmax",0.12523785415204,"p < 0.05"
4650,"ACFL",269,0.00639823960404001,0.00276150758015827,2.31693718677872,0.0205071536892669,"deltaProp",0.12523785415204,"p < 0.05"
4650,"ACFL",269,-0.00350384568494266,0.00432763300890462,-0.809644828416152,0.418144335637368,"tmin",0.12523785415204,"p > 0.05"
4650,"ACFL",269,-0.000324460253615901,0.00291431849301719,-0.111333148519394,0.911352170075999,"deltaED",0.12523785415204,"p > 0.05"
4650,"ACFL",269,-0.00228228374169407,0.00382872073697529,-0.596095640941703,0.551111336061845,"tmax:deltaProp",0.12523785415204,"p > 0.05"
4650,"ACFL",269,-0.00638599370986091,0.00366320553592036,-1.74328020834257,0.0812846807743484,"deltaProp:tmin",0.12523785415204,"p > 0.05"
6100,"SUTA",232,0.0044936076243148,0.0051506717206466,0.872431377504037,0.382973089119871,"tmax",0.0496086612115783,"p > 0.05"
6100,"SUTA",232,0.00237915828068511,0.0022015281031713,1.08068494663226,0.279837281460272,"deltaProp",0.0496086612115783,"p > 0.05"
6100,"SUTA",232,-0.00299971217544358,0.00518264115045938,-0.57879989919381,0.562724199172954,"tmin",0.0496086612115783,"p > 0.05"
6100,"SUTA",232,-0.00602930206253982,0.00305933833867114,-1.97078629268534,0.04874832522755,"deltaED",0.0496086612115783,"p < 0.05"
6100,"SUTA",232,0.00105319793887867,0.00369122948263572,0.285324427493095,0.775395599894391,"tmax:deltaProp",0.0496086612115783,"p > 0.05"
6100,"SUTA",232,0.00196831654607922,0.00391331398940422,0.502979457157968,0.614978715331938,"deltaProp:tmin",0.0496086612115783,"p > 0.05"
3870,"YBCU",362,-0.00233783436093003,0.0032209923725047,-0.725811827710752,0.467954135080962,"tmax",0.074412435857629,"p > 0.05"
3870,"YBCU",362,0.00197598312933665,0.00182970417290561,1.07994677970196,0.280165880229761,"deltaProp",0.074412435857629,"p > 0.05"
3870,"YBCU",362,0.00905423018856891,0.0033657642268647,2.69009638770901,0.00714313839627612,"tmin",0.074412435857629,"p < 0.05"
3870,"YBCU",362,0.00214174748759153,0.00217246485760418,0.985860590607423,0.324201528004953,"deltaED",0.074412435857629,"p > 0.05"
3870,"YBCU",362,0.000665711350446998,0.00269423295946494,0.247087523782355,0.804840489015647,"tmax:deltaProp",0.074412435857629,"p > 0.05"
3870,"YBCU",362,0.000241128146787725,0.00254442246388313,0.0947673392333325,0.924499629598726,"deltaProp:tmin",0.074412435857629,"p > 0.05"
4280,"RTHU",260,-0.0047049041777939,0.00286135838830846,-1.64429041710336,0.100116227838852,"tmax",0.0400469046125774,"p > 0.05"
4280,"RTHU",260,-0.000241639802418948,0.00192141062890213,-0.125761666342513,0.899920586615617,"deltaProp",0.0400469046125774,"p > 0.05"
4280,"RTHU",260,0.00274687377384397,0.00295051141201755,0.930982257060876,0.351862742302785,"tmin",0.0400469046125774,"p > 0.05"
4280,"RTHU",260,0.000691382209251633,0.00204392709062757,0.338261678913093,0.735165999175128,"deltaED",0.0400469046125774,"p > 0.05"
4280,"RTHU",260,0.00182588695904559,0.00261033715487724,0.699483189607918,0.484250114974864,"tmax:deltaProp",0.0400469046125774,"p > 0.05"
4280,"RTHU",260,0.00421309658141215,0.00323087327707718,1.30401170832164,0.192229590370816,"deltaProp:tmin",0.0400469046125774,"p > 0.05"
6480,"NOPA",284,0.0034854699036653,0.0030685085208066,1.13588405573307,0.256005092068409,"tmax",0.0813098988560203,"p > 0.05"
6480,"NOPA",284,0.00215049088211217,0.00261724360643593,0.821662483700029,0.411269016709118,"deltaProp",0.0813098988560203,"p > 0.05"
6480,"NOPA",284,0.00190528815854212,0.00400955988579333,0.475186357807732,0.63465414988533,"tmin",0.0813098988560203,"p > 0.05"
6480,"NOPA",284,0.00636710413082613,0.00327323133441679,1.94520444182433,0.0517503774648278,"deltaED",0.0813098988560203,"p > 0.05"
6480,"NOPA",284,0.000611276483873482,0.00328842723900749,0.185887185406595,0.852533231623184,"tmax:deltaProp",0.0813098988560203,"p > 0.05"
6480,"NOPA",284,0.00610001282674871,0.00397909482419109,1.53301519472806,0.125272111110424,"deltaProp:tmin",0.0813098988560203,"p > 0.05"
6770,"KEWA",149,0.0115370253583227,0.00585354249034402,1.97094757189413,0.0487298729557226,"tmax",0.201086809848322,"p < 0.05"
6770,"KEWA",149,0.00176320608802641,0.00324428687772148,0.543480325409676,0.586799133552509,"deltaProp",0.201086809848322,"p > 0.05"
6770,"KEWA",149,-0.0161578196311471,0.00612032739519853,-2.64002537573777,0.00828998197485453,"tmin",0.201086809848322,"p < 0.05"
6770,"KEWA",149,-0.000508651874996348,0.00442549693845325,-0.114936668597974,0.908495320340131,"deltaED",0.201086809848322,"p > 0.05"
6770,"KEWA",149,-0.00569101601769353,0.0041333373655249,-1.37685737079214,0.168556349201395,"tmax:deltaProp",0.201086809848322,"p > 0.05"
6770,"KEWA",149,-0.00325610766172433,0.00458628964603361,-0.709965552337134,0.477725498145522,"deltaProp:tmin",0.201086809848322,"p > 0.05"
6630,"YTWA",95,0.0070223422242489,0.00767223973486674,0.915292335344481,0.360038181784984,"tmax",0.0432498118353231,"p > 0.05"
6630,"YTWA",95,0.000405792537174718,0.00400548741450391,0.10130915296484,0.919305050563931,"deltaProp",0.0432498118353231,"p > 0.05"
6630,"YTWA",95,-0.0135582933567178,0.00905030422884882,-1.49810360114738,0.13410633562699,"tmin",0.0432498118353231,"p > 0.05"
6630,"YTWA",95,-0.00276886287512208,0.00498102594408826,-0.555882042415039,0.578291495074297,"deltaED",0.0432498118353231,"p > 0.05"
6630,"YTWA",95,0.000238537392767534,0.00607248040062807,0.0392817064906233,0.968665791464252,"tmax:deltaProp",0.0432498118353231,"p > 0.05"
6630,"YTWA",95,-0.00769272478367744,0.00703691576055041,-1.0931955199469,0.274307963645475,"deltaProp:tmin",0.0432498118353231,"p > 0.05"
7290,"BHNU",91,-0.00582650305300981,0.0160692771455251,-0.362586505929568,0.716913791971944,"tmax",0.0653238672383007,"p > 0.05"
7290,"BHNU",91,-0.00170560657775373,0.00529134795162515,-0.322338767615893,0.74719606679814,"deltaProp",0.0653238672383007,"p > 0.05"
7290,"BHNU",91,-0.0273706980325187,0.0141848250883058,-1.92957599844383,0.0536593951029474,"tmin",0.0653238672383007,"p > 0.05"
7290,"BHNU",91,0.00169698894477201,0.00522480291506053,0.324794824294795,0.745336361981588,"deltaED",0.0653238672383007,"p > 0.05"
7290,"BHNU",91,-0.00690867426112827,0.00905697093094397,-0.762801858789693,0.445581572410251,"tmax:deltaProp",0.0653238672383007,"p > 0.05"
7290,"BHNU",91,-0.0105764714144255,0.00955698350839672,-1.10667465368471,0.268434617700977,"deltaProp:tmin",0.0653238672383007,"p > 0.05"
4160,NA,95,-0.00917332430308658,0.0080966283623129,-1.13298077824411,0.257222325447137,"tmax",0.0304895221738401,"p > 0.05"
4160,NA,95,0.00286870375391203,0.00402485899844635,0.712746398077394,0.476002699770444,"deltaProp",0.0304895221738401,"p > 0.05"
4160,NA,95,2.50385525080391e-05,0.00843889120345407,0.00296704293305627,0.997632645725915,"tmin",0.0304895221738401,"p > 0.05"
4160,NA,95,0.00199062017755872,0.00516820464313313,0.385166671022521,0.700113934690436,"deltaED",0.0304895221738401,"p > 0.05"
4160,NA,95,-0.00489551001647961,0.00704649611256878,-0.694743875292505,0.487215826545542,"tmax:deltaProp",0.0304895221738401,"p > 0.05"
4160,NA,95,0.00815347758608699,0.00789724840343539,1.03244537458644,0.301863525020331,"deltaProp:tmin",0.0304895221738401,"p > 0.05"
6370,"PROW",60,0.00532015271015891,0.00758407676066897,0.701489829025627,0.482997379827975,"tmax",0.169957106462634,"p > 0.05"
6370,"PROW",60,-0.000596284732193149,0.00390319747710871,-0.152768271574834,0.878581019601826,"deltaProp",0.169957106462634,"p > 0.05"
6370,"PROW",60,0.0114890762815894,0.00717820876735368,1.60054919743229,0.109476802043494,"tmin",0.169957106462634,"p > 0.05"
6370,"PROW",60,0.00566794480366772,0.00639381789545223,0.886472667246153,0.37536287648758,"deltaED",0.169957106462634,"p > 0.05"
6370,"PROW",60,-0.00149562118546883,0.00471426876440197,-0.317254119400755,0.751050787848265,"tmax:deltaProp",0.169957106462634,"p > 0.05"
6370,"PROW",60,0.00409512731654798,0.00500676337887958,0.817919083978038,0.413403392440275,"deltaProp:tmin",0.169957106462634,"p > 0.05"
4171,NA,43,-0.00635334058124124,0.00716441421488577,-0.886791353861237,0.375191243447902,"tmax",0.261787991553263,"p > 0.05"
4171,NA,43,-0.00875149451911076,0.00960207265284306,-0.911417236206762,0.362075575311175,"deltaProp",0.261787991553263,"p > 0.05"
4171,NA,43,-0.00190292627868844,0.0170684172292751,-0.111488151076165,0.911229261094701,"tmin",0.261787991553263,"p > 0.05"
4171,NA,43,0.000338007870245781,0.00904550919938489,0.0373674784686268,0.970192002974161,"deltaED",0.261787991553263,"p > 0.05"
4171,NA,43,-0.0322953981587653,0.00897572029263519,-3.5980842880392,0.000320569737526366,"tmax:deltaProp",0.261787991553263,"p < 0.05"
4171,NA,43,0.00621827250895152,0.0117999017335314,0.526976635007159,0.598209814058498,"deltaProp:tmin",0.261787991553263,"p > 0.05"
6860,"CAWA",47,-0.0132594106553408,0.00686123798449971,-1.93250994722749,0.0532965954915685,"tmax",0.214752368829311,"p > 0.05"
6860,"CAWA",47,-0.0074679747531216,0.00640227691529648,-1.16645606741547,0.24343010114506,"deltaProp",0.214752368829311,"p > 0.05"
6860,"CAWA",47,-0.0200401718453185,0.00979206463809774,-2.04657266735645,0.0407000608043417,"tmin",0.214752368829311,"p < 0.05"
6860,"CAWA",47,0.00659457755393801,0.00677050085180078,0.974016206228527,0.330048492553501,"deltaED",0.214752368829311,"p > 0.05"
6860,"CAWA",47,0.0072096808739762,0.00952465304592119,0.756949448889758,0.44908014853684,"tmax:deltaProp",0.214752368829311,"p > 0.05"
6860,"CAWA",47,0.0183773948612622,0.011970419389594,1.535234001679,0.124726359086184,"deltaProp:tmin",0.214752368829311,"p > 0.05"
3880,"BBCU",63,-0.00560516017913616,0.00726863411537248,-0.771143531255999,0.440621860641582,"tmax",0.232201436270348,"p > 0.05"
3880,"BBCU",63,-0.00166954626267951,0.00725251891685428,-0.230202262389088,0.817934603933002,"deltaProp",0.232201436270348,"p > 0.05"
3880,"BBCU",63,-0.0189178015410743,0.00863066371206841,-2.1919289375881,0.028384638210031,"tmin",0.232201436270348,"p < 0.05"
3880,"BBCU",63,-0.00392836874904825,0.00543271815958772,-0.72309452352418,0.4696218136489,"deltaED",0.232201436270348,"p > 0.05"
3880,"BBCU",63,-0.0171666630157542,0.00895705977172569,-1.91655112874689,0.0552949817870694,"tmax:deltaProp",0.232201436270348,"p > 0.05"
3880,"BBCU",63,0.00744032856066903,0.0137229468940005,0.542181545854544,0.587693446873065,"deltaProp:tmin",0.232201436270348,"p > 0.05"
