"aou","SPEC","nObs","Estimate","std.error","z.value","p.value","term","sig"
3160,"MODO",658,0.00109606026894916,0.00128043055543035,0.856009148095326,0.391992719364693,"tmax","p > 0.05"
3160,"MODO",658,0.00571388858565146,0.00121627307435422,4.69786654504807,2.62893108127216e-06,"deltaED","p < 0.05"
3160,"MODO",658,-0.00202974400992674,0.00125647788352328,-1.61542358727011,0.106218995672146,"tmin","p > 0.05"
3160,"MODO",658,-0.00114563341598395,0.00110166525652351,-1.03991063455989,0.29838142123947,"deltaProp","p > 0.05"
3160,"MODO",658,-0.00141388123628618,0.00118887075423085,-1.18926404006035,0.234335781152945,"tmax:deltaED","p > 0.05"
3160,"MODO",658,-3.24130504236076e-05,0.00123166185830129,-0.0263165171553756,0.979004880688992,"deltaED:tmin","p > 0.05"
7270,"WBNU",473,-0.00404658708059875,0.0018273627280274,-2.21444107321098,0.0267984520901856,"tmax","p < 0.05"
7270,"WBNU",473,-0.00402897698742367,0.0018074320993256,-2.2291166505934,0.0258061443278739,"deltaED","p < 0.05"
7270,"WBNU",473,0.0028149931885336,0.00187037598562538,1.50504134471785,0.132313447486877,"tmin","p > 0.05"
7270,"WBNU",473,-0.00111581019150314,0.00167257040449382,-0.667123003315862,0.504693567783171,"deltaProp","p > 0.05"
7270,"WBNU",473,0.00514603384883034,0.00166400469279237,3.09255969716935,0.00198438317066363,"tmax:deltaED","p < 0.05"
7270,"WBNU",473,0.000550342999977884,0.00190164942052686,0.289402975142185,0.772273018531182,"deltaED:tmin","p > 0.05"
4950,"BHCO",642,0.00171401652551298,0.00192664023451691,0.889640159488704,0.373659135104371,"tmax","p > 0.05"
4950,"BHCO",642,-0.000165328740260875,0.00185074567337774,-0.0893308803251927,0.928818953216059,"deltaED","p > 0.05"
4950,"BHCO",642,-0.000930626559054634,0.00184503696336722,-0.504394533839704,0.613984158452147,"tmin","p > 0.05"
4950,"BHCO",642,0.0016428114557315,0.00165278302383983,0.993966801470917,0.320239030257552,"deltaProp","p > 0.05"
4950,"BHCO",642,0.00147297489278987,0.00184618500108586,0.797847936107986,0.424958739617469,"tmax:deltaED","p > 0.05"
4950,"BHCO",642,-0.000749932425151242,0.00179792354402335,-0.417110297956864,0.676597732891177,"deltaED:tmin","p > 0.05"
7610,"AMRO",646,0.000693669144646246,0.00122362072249517,0.566898820765096,0.570782925403702,"tmax","p > 0.05"
7610,"AMRO",646,0.000788780648060641,0.0012350567564374,0.638659433219836,0.523044508449317,"deltaED","p > 0.05"
7610,"AMRO",646,-0.000133616486248897,0.00114159690244343,-0.117043490537605,0.906825589837202,"tmin","p > 0.05"
7610,"AMRO",646,-0.000599286918121325,0.00112716034619666,-0.531678496447713,0.59494868774752,"deltaProp","p > 0.05"
7610,"AMRO",646,0.000478819657171867,0.00110719871751142,0.432460451406661,0.665406790180742,"tmax:deltaED","p > 0.05"
7610,"AMRO",646,0.00197732734802775,0.00106149353759139,1.86277850783195,0.0624934350325985,"deltaED:tmin","p > 0.05"
7260,"BRCR",77,0.00292073691570253,0.00283982694108241,1.02849116382749,0.303718845203752,"tmax","p > 0.05"
7260,"BRCR",77,0.000144999294322106,0.00415414597283306,0.0349047181467288,0.972155718370312,"deltaED","p > 0.05"
7260,"BRCR",77,-0.00215482685769914,0.00385523844449627,-0.55893478152444,0.57620623086338,"tmin","p > 0.05"
7260,"BRCR",77,0.00833707194887713,0.00381092221564708,2.18767833010245,0.0286930416255473,"deltaProp","p < 0.05"
7260,"BRCR",77,0.000244507577805603,0.00244422919140541,0.100034636140244,0.920316827685359,"tmax:deltaED","p > 0.05"
7260,"BRCR",77,0.00343374306901338,0.00241557117151854,1.42150358039534,0.155170413441248,"deltaED:tmin","p > 0.05"
3930,"HAWO",278,-5.76666154487275e-05,0.00188862533413836,-0.0305336449778359,0.97564146107103,"tmax","p > 0.05"
3930,"HAWO",278,-0.00136346030585194,0.00218957417470923,-0.622705693920145,0.533477940318632,"deltaED","p > 0.05"
3930,"HAWO",278,-0.000914535712162158,0.00190820231725947,-0.479265591436656,0.631749697307389,"tmin","p > 0.05"
3930,"HAWO",278,-0.000659678475708277,0.00196991331229032,-0.334876906304726,0.737717943394306,"deltaProp","p > 0.05"
3930,"HAWO",278,-0.00109188216846986,0.00177889940291329,-0.613796466895033,0.539349832261919,"tmax:deltaED","p > 0.05"
3930,"HAWO",278,0.00130605227072918,0.0017212626700882,0.758775690326369,0.447986750025464,"deltaED:tmin","p > 0.05"
7210,"HOWR",403,-0.00132052250497527,0.00205419526315458,-0.642841763225262,0.5203267809253,"tmax","p > 0.05"
7210,"HOWR",403,-0.0008917016647777,0.00210554812061958,-0.423500966824406,0.671929793310753,"deltaED","p > 0.05"
7210,"HOWR",403,0.00186760436818179,0.00179035491779214,1.04314756231961,0.296879955319939,"tmin","p > 0.05"
7210,"HOWR",403,-0.00140153499225234,0.00194574422863684,-0.720307927231644,0.471335425004102,"deltaProp","p > 0.05"
7210,"HOWR",403,0.00207124728301356,0.00192676418819412,1.07498743006785,0.282380356084824,"tmax:deltaED","p > 0.05"
7210,"HOWR",403,0.00207123618436606,0.00215880853415272,0.959434869558254,0.337339715841311,"deltaED:tmin","p > 0.05"
4860,"CORA",243,0.00164440310335603,0.00257183122323862,0.639389975709716,0.52256926854288,"tmax","p > 0.05"
4860,"CORA",243,-0.00275108576104341,0.00301143767753929,-0.913545640197802,0.360955641230421,"deltaED","p > 0.05"
4860,"CORA",243,0.001355399791109,0.00236040780746786,0.574222719828661,0.565817096719395,"tmin","p > 0.05"
4860,"CORA",243,-0.00102036717143703,0.00236803552439249,-0.430891834571952,0.666547020927974,"deltaProp","p > 0.05"
4860,"CORA",243,-0.000277078910298274,0.00228710204530684,-0.121148468590128,0.903573439481724,"tmax:deltaED","p > 0.05"
4860,"CORA",243,-0.0023510131269526,0.00217106053290209,-1.08288695378289,0.278858603319391,"deltaED:tmin","p > 0.05"
7510,"BGGN",378,-0.000835000447109015,0.00311471045207561,-0.26808284749312,0.788635548467494,"tmax","p > 0.05"
7510,"BGGN",378,-0.0052709200785112,0.00268080074286331,-1.96617376078516,0.0492785423525259,"deltaED","p < 0.05"
7510,"BGGN",378,0.0013385074929761,0.0034603195424055,0.386816152835878,0.69889231810467,"tmin","p > 0.05"
7510,"BGGN",378,-0.000381648227105614,0.00234671528247667,-0.16263081847016,0.870809120391947,"deltaProp","p > 0.05"
7510,"BGGN",378,-0.000609426709498217,0.00280008381841394,-0.21764588098774,0.827705033441745,"tmax:deltaED","p > 0.05"
7510,"BGGN",378,-0.00121096533681855,0.00361649147405688,-0.334845345414329,0.737741752339747,"deltaED:tmin","p > 0.05"
6830,"YBCH",305,-0.000632129905639326,0.00269992758836628,-0.234128466394103,0.814885247025053,"tmax","p > 0.05"
6830,"YBCH",305,-0.00601248206985512,0.00237873425945785,-2.52759720677057,0.0114846026638074,"deltaED","p < 0.05"
6830,"YBCH",305,0.00191151848600517,0.00259850454279811,0.735622530005978,0.461960447525651,"tmin","p > 0.05"
6830,"YBCH",305,0.000116106724320499,0.00213078153449308,0.0544902057958376,0.956544611640524,"deltaProp","p > 0.05"
6830,"YBCH",305,0.00236448193950165,0.00210189603730613,1.12492811135039,0.260619498557367,"tmax:deltaED","p > 0.05"
6830,"YBCH",305,-0.000552804033320115,0.00286914508917876,-0.192672038582178,0.847215823096029,"deltaED:tmin","p > 0.05"
4050,"PIWO",461,0.00149708587269086,0.00193248420958045,0.774695009288527,0.438519900730185,"tmax","p > 0.05"
4050,"PIWO",461,-0.000879732521070657,0.00169268076008061,-0.519727370817852,0.603253607018881,"deltaED","p > 0.05"
4050,"PIWO",461,-0.00314636708373222,0.00203445417255887,-1.5465411441413,0.121973931406835,"tmin","p > 0.05"
4050,"PIWO",461,0.00126098562962186,0.00157542969463852,0.800407427835868,0.423474778834767,"deltaProp","p > 0.05"
4050,"PIWO",461,0.000897459746255777,0.0016494619903313,0.544092408019369,0.586377884561425,"tmax:deltaED","p > 0.05"
4050,"PIWO",461,-0.000877116190332825,0.0017613512902702,-0.49797913407624,0.618498749268124,"deltaED:tmin","p > 0.05"
4930,"EUST",595,9.25224152733045e-05,0.00227064837528483,0.0407471347304923,0.967497484695093,"tmax","p > 0.05"
4930,"EUST",595,0.00379205991211805,0.00201746691310611,1.87961442514056,0.0601606458633812,"deltaED","p > 0.05"
4930,"EUST",595,-0.00338542001716305,0.00221478051468066,-1.52855779375104,0.126374105885636,"tmin","p > 0.05"
4930,"EUST",595,-0.00302881167833245,0.00198044153684442,-1.52936182259562,0.126174771293412,"deltaProp","p > 0.05"
4930,"EUST",595,-0.00150552009933918,0.00214365668182529,-0.702314000233121,0.482483364149156,"tmax:deltaED","p > 0.05"
4930,"EUST",595,0.000860844263244423,0.00218634449436705,0.393736790090639,0.693775376346008,"deltaED:tmin","p > 0.05"
5290,"AMGO",515,-0.00108238916908916,0.00174028801960375,-0.621959788780027,0.533968309258735,"tmax","p > 0.05"
5290,"AMGO",515,0.000264876192766817,0.00160990380666069,0.164529204584112,0.869314558070161,"deltaED","p > 0.05"
5290,"AMGO",515,0.00270291528925243,0.00170429153606677,1.58594655436143,0.112751433935981,"tmin","p > 0.05"
5290,"AMGO",515,-0.000483287917419346,0.00165439093901543,-0.292124374004952,0.770191531320147,"deltaProp","p > 0.05"
5290,"AMGO",515,0.000552736899056193,0.00181401777970212,0.304703132042598,0.760592263959182,"tmax:deltaED","p > 0.05"
5290,"AMGO",515,0.00182269719777569,0.00167823420102611,1.08608035556733,0.277443442663661,"deltaED:tmin","p > 0.05"
4880,"AMCR",649,-0.000772328739095944,0.00126828407234692,-0.608955640093131,0.542553842515678,"tmax","p > 0.05"
4880,"AMCR",649,0.000525319853698442,0.00115933561217733,0.453121467313375,0.650461277996263,"deltaED","p > 0.05"
4880,"AMCR",649,0.00138425717513618,0.00114246587087619,1.21163984887754,0.225650273715843,"tmin","p > 0.05"
4880,"AMCR",649,0.0020664259232741,0.00109367690077997,1.88942997863483,0.0588342370581989,"deltaProp","p > 0.05"
4880,"AMCR",649,-0.00111415577203597,0.00125435570069056,-0.888229528053802,0.374417298376493,"tmax:deltaED","p > 0.05"
4880,"AMCR",649,0.0013318548415008,0.00121047292972001,1.10027643642463,0.271211695651005,"deltaED:tmin","p > 0.05"
3940,"DOWO",564,0.000635530483944416,0.00175332825531189,0.362470907554824,0.717000159952534,"tmax","p > 0.05"
3940,"DOWO",564,-0.000656251090619279,0.00159953567847267,-0.410275994122186,0.681603499835763,"deltaED","p > 0.05"
3940,"DOWO",564,0.00267175717235312,0.00183392970461496,1.45684819087112,0.145158289979293,"tmin","p > 0.05"
3940,"DOWO",564,-0.00151768318734341,0.00143686687607093,-1.05624481475519,0.290856381134076,"deltaProp","p > 0.05"
3940,"DOWO",564,-5.31685800602048e-06,0.00187885373975557,-0.0028298413514147,0.997742116289708,"tmax:deltaED","p > 0.05"
3940,"DOWO",564,-0.00139246511816086,0.00192533555115869,-0.723232434638657,0.469537095036892,"deltaED:tmin","p > 0.05"
6810,"COYE",600,0.00289255746461266,0.00184061057849752,1.57152061299889,0.116061770261753,"tmax","p > 0.05"
6810,"COYE",600,0.000780319483499338,0.00168310289987467,0.463619594237193,0.642920313422682,"deltaED","p > 0.05"
6810,"COYE",600,-0.00104436369287948,0.00192389212178509,-0.542839009034701,0.587240652229697,"tmin","p > 0.05"
6810,"COYE",600,0.000616936246864141,0.00156533650524093,0.394123720234318,0.693489699206999,"deltaProp","p > 0.05"
6810,"COYE",600,-0.00144178890466264,0.00198427081404543,-0.72660893586556,0.467465552626914,"tmax:deltaED","p > 0.05"
6810,"COYE",600,0.00163300438019156,0.00181301932211228,0.900709860217599,0.367742604705438,"deltaED:tmin","p > 0.05"
7350,"BCCH",319,-0.000293361079026769,0.00182782931379147,-0.160496976831086,0.872489602897235,"tmax","p > 0.05"
7350,"BCCH",319,-0.00342139123031721,0.00186901187419917,-1.83058827905157,0.0671620193258589,"deltaED","p > 0.05"
7350,"BCCH",319,-0.00137007680106573,0.0018274267581355,-0.749730075345729,0.453417290042899,"tmin","p > 0.05"
7350,"BCCH",319,0.000533514162057403,0.00186997643408042,0.285305286384405,0.775410263148931,"deltaProp","p > 0.05"
7350,"BCCH",319,-0.000686490109342062,0.00204048659479982,-0.336434510813049,0.736543228764573,"tmax:deltaED","p > 0.05"
7350,"BCCH",319,0.00232536868839025,0.00175772944673541,1.32293891571829,0.185855692416909,"deltaED:tmin","p > 0.05"
5110,"COGR",575,0.00172102161796127,0.00264159173719926,0.651509313012152,0.514717767285817,"tmax","p > 0.05"
5110,"COGR",575,0.00281671728343185,0.00235127815154278,1.19795154034995,0.230935883093351,"deltaED","p > 0.05"
5110,"COGR",575,-0.00355872164523086,0.00273587987987471,-1.30075946367712,0.193340801207527,"tmin","p > 0.05"
5110,"COGR",575,-0.00545973787316751,0.00212557806042201,-2.56858968147401,0.0102113286194403,"deltaProp","p < 0.05"
5110,"COGR",575,-0.00325512839671476,0.00293897271421294,-1.10757353444381,0.268046038441329,"tmax:deltaED","p > 0.05"
5110,"COGR",575,0.00617213869506355,0.002916009638647,2.1166386466155,0.0342905275494596,"deltaED:tmin","p < 0.05"
6190,"CEDW",401,0.00245809632824739,0.0026469322487027,0.928658574261636,0.35306605574645,"tmax","p > 0.05"
6190,"CEDW",401,-0.00215813877334192,0.00271375762225134,-0.79525848426785,0.426463157817616,"deltaED","p > 0.05"
6190,"CEDW",401,-0.000225536645036778,0.00277674755834461,-0.0812233162352124,0.935264357101241,"tmin","p > 0.05"
6190,"CEDW",401,0.00277028550957435,0.00276756871793207,1.00098165282209,0.316835678546919,"deltaProp","p > 0.05"
6190,"CEDW",401,-0.000490129444647039,0.00287476276927832,-0.170493875141593,0.864621750777085,"tmax:deltaED","p > 0.05"
6190,"CEDW",401,-0.0033443967718229,0.00261121966956695,-1.28077955707861,0.200271106459119,"deltaED:tmin","p > 0.05"
7180,"CARW",398,-0.0022835021444177,0.00228229248903946,-1.00053001768356,0.317054078311226,"tmax","p > 0.05"
7180,"CARW",398,-0.00258281734812848,0.00210431285374787,-1.22739227844774,0.219675187174125,"deltaED","p > 0.05"
7180,"CARW",398,0.0011578636524827,0.00228356641942333,0.50704181084214,0.612125482165398,"tmin","p > 0.05"
7180,"CARW",398,0.00075458343531881,0.00170449481917115,0.442702099667129,0.657981223540377,"deltaProp","p > 0.05"
7180,"CARW",398,-0.00152118203834775,0.00258067167837346,-0.589451983022697,0.555558113940147,"tmax:deltaED","p > 0.05"
7180,"CARW",398,-0.000292666191628101,0.00267338750045583,-0.109473913369536,0.912826611509117,"deltaED:tmin","p > 0.05"
7550,"WOTH",513,0.00663265098487556,0.00246873972067621,2.6866546235416,0.00721715354240349,"tmax","p < 0.05"
7550,"WOTH",513,-0.00266215082524448,0.00217855146907546,-1.22198206608094,0.221714408982524,"deltaED","p > 0.05"
7550,"WOTH",513,-0.00421053695209785,0.00251953071316429,-1.67115920837886,0.0946902350421448,"tmin","p > 0.05"
7550,"WOTH",513,0.00372890639280989,0.0019485084071245,1.91372353292168,0.0556554905037889,"deltaProp","p > 0.05"
7550,"WOTH",513,0.000612269716161031,0.00262099938573659,0.233601625201817,0.815294265925697,"tmax:deltaED","p > 0.05"
7550,"WOTH",513,-0.00265652844533692,0.00262999622460074,-1.01008831133976,0.312452981772659,"deltaED:tmin","p > 0.05"
6870,"AMRE",284,0.00443833680695866,0.00377661673213712,1.1752150460995,0.239908692150976,"tmax","p > 0.05"
6870,"AMRE",284,0.000549648334229711,0.00355135965322326,0.154771239159301,0.877001665782343,"deltaED","p > 0.05"
6870,"AMRE",284,-0.00746005139941466,0.00418607112076244,-1.7821129130878,0.0747308204369597,"tmin","p > 0.05"
6870,"AMRE",284,0.00704808714548526,0.00409710082150302,1.72026207129061,0.0853848145824638,"deltaProp","p > 0.05"
6870,"AMRE",284,-0.000531146178249241,0.00385316360348863,-0.13784677550892,0.890361515691417,"tmax:deltaED","p > 0.05"
6870,"AMRE",284,-0.00139077590617754,0.00394117497889507,-0.352883572443528,0.724175726872003,"deltaED:tmin","p > 0.05"
5070,"BAOR",324,0.001803093350792,0.00245531134504198,0.734364444017655,0.462726650942844,"tmax","p > 0.05"
5070,"BAOR",324,0.00415661227252217,0.0026560222219334,1.5649764667618,0.117588427381345,"deltaED","p > 0.05"
5070,"BAOR",324,-0.00506642396119875,0.00258330636991736,-1.9612168421823,0.0498537329904765,"tmin","p < 0.05"
5070,"BAOR",324,0.00324310621554241,0.00235016039543092,1.37995101178946,0.167601728642047,"deltaProp","p > 0.05"
5070,"BAOR",324,0.000852999311145717,0.00295051628035261,0.289101713088591,0.77250354269302,"tmax:deltaED","p > 0.05"
5070,"BAOR",324,-0.000590784384713359,0.00320707217091666,-0.184212999654603,0.853846361747594,"deltaED:tmin","p > 0.05"
5870,"EATO",478,0.0079711615995072,0.00223299063144305,3.56972460487033,0.000357356710523726,"tmax","p < 0.05"
5870,"EATO",478,-0.0006999227159455,0.00197246881397921,-0.354846023919382,0.72270494697251,"deltaED","p > 0.05"
5870,"EATO",478,-0.00550729491323798,0.00228790636160695,-2.40713300406658,0.0160783130614397,"tmin","p < 0.05"
5870,"EATO",478,0.00153178115720475,0.00176201194718958,0.869336419453879,0.384663148256829,"deltaProp","p > 0.05"
5870,"EATO",478,-0.00434057236585404,0.00245819743689172,-1.76575416633031,0.0774371010032433,"tmax:deltaED","p > 0.05"
5870,"EATO",478,-0.00456258997874676,0.00253188015336093,-1.80205606204945,0.0715365856207275,"deltaED:tmin","p > 0.05"
4770,"BLJA",592,0.00084920069905076,0.00153584436689597,0.552921062416658,0.580317464161656,"tmax","p > 0.05"
4770,"BLJA",592,0.0056928602134093,0.00138012184695085,4.12489681689101,3.70901000577017e-05,"deltaED","p < 0.05"
4770,"BLJA",592,-0.00540564850005093,0.00159641616037468,-3.38611487043718,0.000708897031051592,"tmin","p < 0.05"
4770,"BLJA",592,0.000224018901301244,0.00123377989657375,0.181571204007581,0.855919249036781,"deltaProp","p > 0.05"
4770,"BLJA",592,0.00156959284600732,0.00166555704206002,0.942383122505368,0.345996524959345,"tmax:deltaED","p > 0.05"
4770,"BLJA",592,-0.00302274602768901,0.00163496560571582,-1.84881322097635,0.0644847876247536,"deltaED:tmin","p > 0.05"
4120,"NOFL",490,0.00243368705894558,0.00206895930252974,1.17628561179038,0.239480763397269,"tmax","p > 0.05"
4120,"NOFL",490,0.00685975179194066,0.00184655384604615,3.71489399381924,0.000203288898220855,"deltaED","p < 0.05"
4120,"NOFL",490,-0.00928934303194922,0.00219345309408535,-4.23503153862646,2.28519630691704e-05,"tmin","p < 0.05"
4120,"NOFL",490,-0.00245772572443937,0.00172754781825334,-1.42266726192522,0.154832635323485,"deltaProp","p > 0.05"
4120,"NOFL",490,-0.00119911575906419,0.00223909457144292,-0.535536003864033,0.592279268114175,"tmax:deltaED","p > 0.05"
4120,"NOFL",490,-0.000716659520689601,0.00220217720711833,-0.32543226692796,0.74485393792668,"deltaED:tmin","p > 0.05"
4520,"GCFL",528,-0.00226376418602889,0.00203329059747528,-1.11335004885174,0.265558119154688,"tmax","p > 0.05"
4520,"GCFL",528,-0.00754273806491653,0.00186515585188833,-4.04402562782091,5.25411722751556e-05,"deltaED","p < 0.05"
4520,"GCFL",528,0.000903880661483068,0.00217723291019229,0.415151110959111,0.678031285526399,"tmin","p > 0.05"
4520,"GCFL",528,-0.00410178386397062,0.00159820876764722,-2.56648815036161,0.0102734135374494,"deltaProp","p < 0.05"
4520,"GCFL",528,-0.000258371809293008,0.00226624792830746,-0.114008624592973,0.909230956588923,"tmax:deltaED","p > 0.05"
4520,"GCFL",528,0.00528728768661656,0.00231399111150408,2.28492134664244,0.0223174401047816,"deltaED:tmin","p < 0.05"
6670,"BTNW",165,-0.00147333554086595,0.00445683771598931,-0.330578682634153,0.740962750509181,"tmax","p > 0.05"
6670,"BTNW",165,0.00330266612581471,0.00416471104393925,0.793012069978049,0.427770790574283,"deltaED","p > 0.05"
6670,"BTNW",165,-0.00666947503545387,0.00453739940410142,-1.46988934441725,0.141591725949955,"tmin","p > 0.05"
6670,"BTNW",165,0.00556865050248522,0.00405263938235278,1.37407994570993,0.169416864562763,"deltaProp","p > 0.05"
6670,"BTNW",165,0.00283266374645086,0.00439214786965683,0.644938155661908,0.518967264073803,"tmax:deltaED","p > 0.05"
6670,"BTNW",165,0.0100902158075911,0.00451680659277374,2.23392691281801,0.0254878824270688,"deltaED:tmin","p < 0.05"
6080,"SCTA",382,0.00347528803101757,0.00197156874995535,1.76270192510217,0.0779507759146958,"tmax","p > 0.05"
6080,"SCTA",382,0.0030830740704134,0.001922478386171,1.60369765017435,0.108780714119392,"deltaED","p > 0.05"
6080,"SCTA",382,0.000487456941683486,0.00203866691629357,0.239105730213995,0.811023598568431,"tmin","p > 0.05"
6080,"SCTA",382,-0.000239250384066836,0.0018257945308036,-0.13103905178286,0.895744414883789,"deltaProp","p > 0.05"
6080,"SCTA",382,-0.000203505959540933,0.0022514272214962,-0.0903897570385116,0.92797749607277,"tmax:deltaED","p > 0.05"
6080,"SCTA",382,-0.00134114221256254,0.00241173033687469,-0.556091281042845,0.578148455201438,"deltaED:tmin","p > 0.05"
6280,"YTVI",314,0.00184669569614212,0.00278361138787138,0.663417208374867,0.507063387696304,"tmax","p > 0.05"
6280,"YTVI",314,0.000615680064793114,0.00236919160669951,0.259869257957911,0.794964625372881,"deltaED","p > 0.05"
6280,"YTVI",314,-0.00324023216064402,0.00274924277300097,-1.17859077141707,0.238561168181126,"tmin","p > 0.05"
6280,"YTVI",314,0.00224147612266071,0.0019209063452494,1.16688464703348,0.243256956851099,"deltaProp","p > 0.05"
6280,"YTVI",314,-0.00721818977558096,0.00308203272042506,-2.34202243465652,0.0191795619931607,"tmax:deltaED","p < 0.05"
6280,"YTVI",314,0.00443887737387381,0.00325801836631252,1.36244700759554,0.173056857208154,"deltaED:tmin","p > 0.05"
5930,"NOCA",532,-0.00294035135365523,0.00140153801091293,-2.09794620678176,0.0359098975852556,"tmax","p < 0.05"
5930,"NOCA",532,0.00230975044797056,0.0012452876659191,1.85479268058584,0.0636258376716325,"deltaED","p > 0.05"
5930,"NOCA",532,0.00336564305845703,0.00146994233367399,2.28964292091983,0.0220420247457529,"tmin","p < 0.05"
5930,"NOCA",532,-0.0003866786398506,0.00107668530566828,-0.359138030225641,0.719491832787328,"deltaProp","p > 0.05"
5930,"NOCA",532,0.00128917405483715,0.00161431201150468,0.798590387514697,0.424527963223962,"tmax:deltaED","p > 0.05"
5930,"NOCA",532,0.00130707101697228,0.00161509173178789,0.809285931719412,0.418350696446843,"deltaED:tmin","p > 0.05"
6240,"REVI",586,6.22085657603754e-05,0.00178454748322543,0.0348595743991852,0.972191715962538,"tmax","p > 0.05"
6240,"REVI",586,-0.000318872603376671,0.0016882853935798,-0.188873637472241,0.850191855924119,"deltaED","p > 0.05"
6240,"REVI",586,-0.00246907715670559,0.00186358402948111,-1.3249078751727,0.185201708553867,"tmin","p > 0.05"
6240,"REVI",586,0.00343823027399925,0.00154180515935894,2.23000309288679,0.0257472375478347,"deltaProp","p < 0.05"
6240,"REVI",586,-0.00233439439523089,0.00194898801553021,-1.19774692128922,0.231015556612052,"tmax:deltaED","p > 0.05"
6240,"REVI",586,0.00231314329656275,0.00196076358333924,1.17971555378614,0.238113365619906,"deltaED:tmin","p > 0.05"
6730,"PRAW",198,0.00232221627234721,0.00415511619813968,0.55888118685752,0.576242809674632,"tmax","p > 0.05"
6730,"PRAW",198,-0.00272611350668707,0.00401178245908383,-0.679526752631953,0.49680416263724,"deltaED","p > 0.05"
6730,"PRAW",198,-0.0048741181134858,0.00409313093712815,-1.1908043471743,0.233730401917154,"tmin","p > 0.05"
6730,"PRAW",198,-0.000264440621666911,0.00328105235679881,-0.0805962822016393,0.935763022961359,"deltaProp","p > 0.05"
6730,"PRAW",198,-0.00463122981139308,0.00487844772861262,-0.949324471435948,0.342455611053776,"tmax:deltaED","p > 0.05"
6730,"PRAW",198,-0.0101336142044069,0.00461544378770464,-2.19558826204371,0.0281214271521451,"deltaED:tmin","p < 0.05"
6310,"WEVI",284,0.00528439779469631,0.00310800167467989,1.70025577455346,0.0890828252542299,"tmax","p > 0.05"
6310,"WEVI",284,-0.000270596998312683,0.002718233141483,-0.099548855535273,0.920702499402248,"deltaED","p > 0.05"
6310,"WEVI",284,-0.00709424194298991,0.00320445449771914,-2.21386883416177,0.0268378032104393,"tmin","p < 0.05"
6310,"WEVI",284,0.00222487582024676,0.0021587790137884,1.03061768065938,0.302720141507365,"deltaProp","p > 0.05"
6310,"WEVI",284,0.00236160744701282,0.0035184850910611,0.671200072159638,0.502093082714044,"tmax:deltaED","p > 0.05"
6310,"WEVI",284,-0.00178924573738884,0.00358788375084621,-0.498691111986792,0.617997007003643,"deltaED:tmin","p > 0.05"
7040,"GRCA",469,0.00377999367538155,0.00169100024796049,2.23535962217663,0.0253937487084923,"tmax","p < 0.05"
7040,"GRCA",469,-0.00181591169943249,0.00167076487359087,-1.08687447775321,0.277092287074382,"deltaED","p > 0.05"
7040,"GRCA",469,-0.000115891315738365,0.00179816768710015,-0.0644496709454607,0.948612180509553,"tmin","p > 0.05"
7040,"GRCA",469,-0.00314746387557981,0.00155510667454364,-2.02395367925706,0.0429749179852135,"deltaProp","p < 0.05"
7040,"GRCA",469,0.00179094151197055,0.00189240923231027,0.946381724096832,0.343953923557529,"tmax:deltaED","p > 0.05"
7040,"GRCA",469,0.00146243601038694,0.00200191274585023,0.730519356259868,0.465072785770415,"deltaED:tmin","p > 0.05"
6740,"OVEN",384,0.00359919938316929,0.00212418428274156,1.69439130701222,0.0901909502940867,"tmax","p > 0.05"
6740,"OVEN",384,0.00220527667983106,0.0021529522801179,1.02430355758294,0.305691918121322,"deltaED","p > 0.05"
6740,"OVEN",384,-0.00408257287430307,0.00212165866976494,-1.92423641582054,0.0543249564884012,"tmin","p > 0.05"
6740,"OVEN",384,0.00255773917405599,0.00217517728911341,1.17587618575151,0.239644356421405,"deltaProp","p > 0.05"
6740,"OVEN",384,-0.000245984417800237,0.00224182779413764,-0.109724938928621,0.91262752142812,"tmax:deltaED","p > 0.05"
6740,"OVEN",384,0.000954601096194026,0.00240944816209668,0.396190759033945,0.691964307969069,"deltaED:tmin","p > 0.05"
4090,"RBWO",446,-0.00307373740859019,0.00226188056930412,-1.35893002057834,0.174168764845069,"tmax","p > 0.05"
4090,"RBWO",446,0.00196539269158177,0.002007506589919,0.979021788247811,0.32756921398888,"deltaED","p > 0.05"
4090,"RBWO",446,0.00921869597602412,0.0022862880897366,4.03216725722705,5.52648311862303e-05,"tmin","p < 0.05"
4090,"RBWO",446,0.000542536424161524,0.00167974558495303,0.322987260107426,0.746704890389885,"deltaProp","p > 0.05"
4090,"RBWO",446,-0.000364023241469873,0.00257978689769863,-0.141105934678019,0.887786255369018,"tmax:deltaED","p > 0.05"
4090,"RBWO",446,5.46456002125334e-05,0.00255672080663507,0.0213733154088315,0.982947859921166,"deltaED:tmin","p > 0.05"
4610,"EAWP",544,-0.0003350063741571,0.00215953875541979,-0.155128669636669,0.876719880668645,"tmax","p > 0.05"
4610,"EAWP",544,-0.00195650350173343,0.00194864591416637,-1.00403233214918,0.315363029560993,"deltaED","p > 0.05"
4610,"EAWP",544,0.00132052590793276,0.00222328824015426,0.593951735129556,0.552544394947148,"tmin","p > 0.05"
4610,"EAWP",544,0.00637422944313542,0.00174139968913325,3.66040575458473,0.000251816165057317,"deltaProp","p < 0.05"
4610,"EAWP",544,-0.00126658265855663,0.00240670001965859,-0.526273589650072,0.598698130204889,"tmax:deltaED","p > 0.05"
4610,"EAWP",544,-0.000431663884741307,0.00244211791457671,-0.176758002619266,0.85969847859218,"deltaED:tmin","p > 0.05"
7560,"VEER",228,-0.00358478544851434,0.00312494458655295,-1.14715168516592,0.251318935792621,"tmax","p > 0.05"
7560,"VEER",228,-0.0143938159165761,0.00321970093536162,-4.47054437835839,7.80207519235354e-06,"deltaED","p < 0.05"
7560,"VEER",228,3.32677549574282e-05,0.00285114437605175,0.0116682112757465,0.990690325618988,"tmin","p > 0.05"
7560,"VEER",228,0.00165137321528757,0.00294438187590531,0.560855651504044,0.574895944891067,"deltaProp","p > 0.05"
7560,"VEER",228,-0.00330123288357294,0.00344115420966326,-0.959338838783393,0.337388075491435,"tmax:deltaED","p > 0.05"
7560,"VEER",228,0.00856306830729363,0.00344137017686552,2.48827294571753,0.0128365174056757,"deltaED:tmin","p < 0.05"
7310,"TUTI",494,-0.00516312385722074,0.00198083472660381,-2.60653944919122,0.00914622875551641,"tmax","p < 0.05"
7310,"TUTI",494,-1.17481288100749e-05,0.00181600044567841,-0.00646923233858907,0.994838335400261,"deltaED","p > 0.05"
7310,"TUTI",494,0.000423687053445366,0.0020183348011626,0.209919114113929,0.833730803691313,"tmin","p > 0.05"
7310,"TUTI",494,-0.000957902312464862,0.00155173752172394,-0.617309499225523,0.53703060241777,"deltaProp","p > 0.05"
7310,"TUTI",494,-0.00150186687118688,0.00222086884948749,-0.676251941456814,0.498880699701685,"tmax:deltaED","p > 0.05"
7310,"TUTI",494,-0.00171069434930946,0.00222455322837386,-0.769005806419825,0.441889863581905,"deltaED:tmin","p > 0.05"
4900,"FICR",133,0.0100965541484617,0.00680220310619273,1.48430647995056,0.137727632008438,"tmax","p > 0.05"
4900,"FICR",133,-0.0048608398347532,0.00647867170677581,-0.75028339986257,0.453084038280459,"deltaED","p > 0.05"
4900,"FICR",133,-0.000836556353943235,0.00559452070558119,-0.149531371491515,0.881134356762128,"tmin","p > 0.05"
4900,"FICR",133,0.00252581432649217,0.00427222287155919,0.591217827915039,0.554374478976974,"deltaProp","p > 0.05"
4900,"FICR",133,0.0130969715866869,0.00889625890263771,1.47218867279186,0.140969935356506,"tmax:deltaED","p > 0.05"
4900,"FICR",133,-0.00188032177286377,0.0062371654140344,-0.301470563636618,0.763055693316055,"deltaED:tmin","p > 0.05"
5980,"INBU",552,-0.00184151695700382,0.00182791685389315,-1.00744021976804,0.313723271745797,"tmax","p > 0.05"
5980,"INBU",552,0.00140916214117481,0.00157603930433987,0.894116115819233,0.371259767500053,"deltaED","p > 0.05"
5980,"INBU",552,0.00091508254807028,0.00189375025562696,0.483211841345639,0.628945328371119,"tmin","p > 0.05"
5980,"INBU",552,0.00347436571756549,0.0014348368035065,2.42143615850578,0.0154593162198726,"deltaProp","p < 0.05"
5980,"INBU",552,-0.000795552731101364,0.00202952907099186,-0.391988832518947,0.695066465218965,"tmax:deltaED","p > 0.05"
5980,"INBU",552,-0.0028725708653187,0.00199994253554587,-1.43632670152428,0.150909399504784,"deltaED:tmin","p > 0.05"
6360,"BAWW",260,0.00978195124564655,0.00356080547206705,2.74711756156904,0.00601215798712174,"tmax","p < 0.05"
6360,"BAWW",260,-0.00725092843898586,0.00343651487237608,-2.10996567984366,0.0348613121433821,"deltaED","p < 0.05"
6360,"BAWW",260,-0.00144462727627506,0.00337596793235049,-0.427914987708208,0.668713014849744,"tmin","p > 0.05"
6360,"BAWW",260,0.00218150960305206,0.00276832643072374,0.788024699269925,0.430682258684229,"deltaProp","p > 0.05"
6360,"BAWW",260,-0.00511232070180031,0.00374851663156995,-1.36382500180056,0.172622649470484,"tmax:deltaED","p > 0.05"
6360,"BAWW",260,-0.00226649413639712,0.00360993964114541,-0.627848208475302,0.530103381766749,"deltaED:tmin","p > 0.05"
6390,"WEWA",79,-0.00158761440283243,0.00522784357983478,-0.303684373602204,0.761368364161118,"tmax","p > 0.05"
6390,"WEWA",79,-0.015637194189724,0.0054275309868092,-2.88108796204534,0.00396305023143606,"deltaED","p < 0.05"
6390,"WEWA",79,0.000679082654583496,0.00555230758451263,0.122306382390936,0.902656377532269,"tmin","p > 0.05"
6390,"WEWA",79,-0.00142154753297503,0.00394884196555426,-0.359990991124788,0.71885387060291,"deltaProp","p > 0.05"
6390,"WEWA",79,-0.00271217940865639,0.00669283955134648,-0.4052359821043,0.685304058351977,"tmax:deltaED","p > 0.05"
6390,"WEWA",79,0.00600985254899971,0.00746320860784597,0.80526391057616,0.420667402939107,"deltaED:tmin","p > 0.05"
6710,"PIWA",293,-0.000584880430213175,0.00359691482809654,-0.162606138361827,0.870828553609583,"tmax","p > 0.05"
6710,"PIWA",293,0.000663026850569745,0.00329031299009873,0.201508747819717,0.840300789955208,"deltaED","p > 0.05"
6710,"PIWA",293,-0.00564786675063949,0.00366996621763993,-1.53894243589836,0.123818350027365,"tmin","p > 0.05"
6710,"PIWA",293,0.00519462644750484,0.00270945599514037,1.91722119009196,0.0552098371271528,"deltaProp","p > 0.05"
6710,"PIWA",293,-7.16225374903722e-05,0.00387581315939296,-0.0184793576328096,0.985256444977225,"tmax:deltaED","p > 0.05"
6710,"PIWA",293,-0.00683541293857692,0.0041817509533441,-1.63458154606522,0.102136798778421,"deltaED:tmin","p > 0.05"
5950,"RBGR",248,0.00385427157135155,0.00341451768983491,1.12878945768118,0.25898666094479,"tmax","p > 0.05"
5950,"RBGR",248,-0.00458211012211075,0.00280305518721557,-1.63468423419177,0.102115259184858,"deltaED","p > 0.05"
5950,"RBGR",248,0.00317687200268948,0.00311171478586822,1.02093932808918,0.307283184751006,"tmin","p > 0.05"
5950,"RBGR",248,-0.00200255511243558,0.00315349058285276,-0.635028093416406,0.525410092632468,"deltaProp","p > 0.05"
5950,"RBGR",248,-0.00232061365785946,0.00369276432418196,-0.628421814699354,0.529727650195288,"tmax:deltaED","p > 0.05"
5950,"RBGR",248,0.00101645866704457,0.00323201677245766,0.31449671787181,0.753143808861865,"deltaED:tmin","p > 0.05"
6840,"HOWA",229,0.00747485994000264,0.00407289297180744,1.83527040650064,0.0664656336187905,"tmax","p > 0.05"
6840,"HOWA",229,0.000195037731332199,0.00338681648655009,0.0575873337415072,0.954077339139296,"deltaED","p > 0.05"
6840,"HOWA",229,-0.00844223586251828,0.00397062587187572,-2.12617258208973,0.0334888921568992,"tmin","p < 0.05"
6840,"HOWA",229,0.00251327186359293,0.00294595140690481,0.85312739976031,0.393588658332155,"deltaProp","p > 0.05"
6840,"HOWA",229,-0.0013141317212734,0.00431699576053847,-0.304408851471627,0.760816425084631,"tmax:deltaED","p > 0.05"
6840,"HOWA",229,-0.0021839064121079,0.00415200109374055,-0.525988881698586,0.598895932006933,"deltaED:tmin","p > 0.05"
6590,"CSWA",210,-0.00431735662194527,0.00420435922173357,-1.02687624778292,0.304478740004317,"tmax","p > 0.05"
6590,"CSWA",210,-0.000576705806966443,0.0036639856154547,-0.157398491013146,0.874930802631206,"deltaED","p > 0.05"
6590,"CSWA",210,-0.00555833977602991,0.00366932367227703,-1.51481315699267,0.129819727588377,"tmin","p > 0.05"
6590,"CSWA",210,-0.000537130844354815,0.00394183910155761,-0.136264020553901,0.89161256597445,"deltaProp","p > 0.05"
6590,"CSWA",210,0.00766207745758712,0.00423691880925673,1.80840790265963,0.0705430388879962,"tmax:deltaED","p > 0.05"
6590,"CSWA",210,-0.000514519089881401,0.00404841864583786,-0.127091374408715,0.898868078327354,"deltaED:tmin","p > 0.05"
6290,"BHVI",156,0.00186509731953101,0.00401065779746511,0.465035266960403,0.641906201332819,"tmax","p > 0.05"
6290,"BHVI",156,0.00320182955109839,0.00373457261119662,0.857348319188919,0.391252411956952,"deltaED","p > 0.05"
6290,"BHVI",156,-0.00194815355298693,0.00476449503956664,-0.408889827108336,0.682620514864536,"tmin","p > 0.05"
6290,"BHVI",156,-0.00438155830317202,0.00383368494775376,-1.14291037549636,0.253075804280809,"deltaProp","p > 0.05"
6290,"BHVI",156,-0.000660145999002561,0.00392356777891752,-0.168251457907703,0.866385460345142,"tmax:deltaED","p > 0.05"
6290,"BHVI",156,0.00476938526235796,0.00445740461928023,1.0699915465893,0.284623113777215,"deltaED:tmin","p > 0.05"
6760,"LOWA",98,0.00466422683688114,0.00361532861567172,1.29012527842218,0.197007164383011,"tmax","p > 0.05"
6760,"LOWA",98,-0.00667333204157663,0.00428040918782931,-1.55904067782847,0.118986752699653,"deltaED","p > 0.05"
6760,"LOWA",98,0.00136401618068064,0.00409842884642745,0.332814410544089,0.739274379736184,"tmin","p > 0.05"
6760,"LOWA",98,-0.00262908768793166,0.00332403587723473,-0.790932404170921,0.428983437823589,"deltaProp","p > 0.05"
6760,"LOWA",98,-0.00574799319519081,0.00416249563836434,-1.38090071307546,0.167309490682627,"tmax:deltaED","p > 0.05"
6760,"LOWA",98,-0.00288398039507096,0.00613663202629441,-0.469961435313964,0.63838257037983,"deltaED:tmin","p > 0.05"
6540,"BTBW",91,-0.00712926480190703,0.00613141814333487,-1.16274320805487,0.244933705292149,"tmax","p > 0.05"
6540,"BTBW",91,0.0035131611723753,0.00600483528648285,0.585055377003193,0.55851048194371,"deltaED","p > 0.05"
6540,"BTBW",91,0.00134482961763782,0.00707045748358275,0.190204045602487,0.849149241059994,"tmin","p > 0.05"
6540,"BTBW",91,0.00192619274231238,0.00682136395094835,0.282376480153149,0.777654847602957,"deltaProp","p > 0.05"
6540,"BTBW",91,-0.000106742749282672,0.00549721732952805,-0.019417596737409,0.984507972888335,"tmax:deltaED","p > 0.05"
6540,"BTBW",91,-0.000378201584623178,0.00586674486467334,-0.0644653199256239,0.948599720341352,"deltaED:tmin","p > 0.05"
4060,"RHWO",160,-0.00041352798396668,0.00549116628479219,-0.0753078603924175,0.939969767555533,"tmax","p > 0.05"
4060,"RHWO",160,0.00688512028252982,0.00389793897901263,1.76634891402889,0.0773373300654023,"deltaED","p > 0.05"
4060,"RHWO",160,0.00639740036333994,0.00481186478225747,1.32950543143455,0.183681275067448,"tmin","p > 0.05"
4060,"RHWO",160,-0.00825047715620174,0.00300403020289777,-2.74646944236549,0.00602404975191306,"deltaProp","p < 0.05"
4060,"RHWO",160,-0.00259882559324674,0.00658372960441853,-0.394734557674208,0.693038796166156,"tmax:deltaED","p > 0.05"
4060,"RHWO",160,0.00445833698093149,0.00535305433018502,0.832858533826498,0.404924518123611,"deltaED:tmin","p > 0.05"
3870,"YBCU",372,-0.000136752625737169,0.00237509802896306,-0.0575776764030552,0.95408503181649,"tmax","p > 0.05"
3870,"YBCU",372,0.0022988130251234,0.00209263859823063,1.09852366627811,0.271975889276727,"deltaED","p > 0.05"
3870,"YBCU",372,0.00506552106922215,0.00246016943066395,2.05901309319784,0.0394929842251297,"tmin","p < 0.05"
3870,"YBCU",372,0.00399061205922063,0.00169876333002094,2.34912773821851,0.0188174499633307,"deltaProp","p < 0.05"
3870,"YBCU",372,-0.00149064338822386,0.00275513112164036,-0.541042630064139,0.588478199709411,"tmax:deltaED","p > 0.05"
3870,"YBCU",372,-0.000928016041347992,0.00297984177422445,-0.311431314701104,0.755472751025276,"deltaED:tmin","p > 0.05"
4280,"RTHU",281,0.000327354081219507,0.00257107311182816,0.127321965180034,0.898685576084329,"tmax","p > 0.05"
4280,"RTHU",281,-0.000682818057309086,0.00217230091514797,-0.31432940645913,0.753270866100393,"deltaED","p > 0.05"
4280,"RTHU",281,0.00247288996509757,0.00264560915943731,0.934714773070837,0.349935311480892,"tmin","p > 0.05"
4280,"RTHU",281,0.000107952456357266,0.00187884102694118,0.057456940107922,0.954181206226551,"deltaProp","p > 0.05"
4280,"RTHU",281,-0.00255291771221194,0.00289547896289635,-0.881690989617227,0.377943934901934,"tmax:deltaED","p > 0.05"
4280,"RTHU",281,0.00305019446523868,0.00317580319767016,0.960448200151813,0.336829689399618,"deltaED:tmin","p > 0.05"
2890,"NOBO",266,0.00277268327872764,0.00461218456045248,0.6011648585146,0.547730187871072,"tmax","p > 0.05"
2890,"NOBO",266,0.00520273809430256,0.003593742134703,1.44772159473054,0.147694928012864,"deltaED","p > 0.05"
2890,"NOBO",266,0.000943315127350385,0.00421655880375261,0.223716820102417,0.822977657097844,"tmin","p > 0.05"
2890,"NOBO",266,-0.00145498761428972,0.0030343397743726,-0.479507148994401,0.631577883602529,"deltaProp","p > 0.05"
2890,"NOBO",266,0.00316461598095037,0.00519122430661649,0.609608792460942,0.542120985842757,"tmax:deltaED","p > 0.05"
2890,"NOBO",266,-0.00240622242427774,0.00494820288905891,-0.486282086289992,0.626767178393765,"deltaED:tmin","p > 0.05"
4650,"ACFL",278,0.00773725676527481,0.00324413958572679,2.38499502281478,0.0170793524236368,"tmax","p < 0.05"
4650,"ACFL",278,0.00230386708767113,0.00306217093172576,0.752363972827843,0.45183220606833,"deltaED","p > 0.05"
4650,"ACFL",278,0.00180441270066815,0.00356657599374886,0.505922964723238,0.612910730161306,"tmin","p > 0.05"
4650,"ACFL",278,0.00549848713985767,0.00257310042026793,2.13691121284925,0.0326052138297555,"deltaProp","p < 0.05"
4650,"ACFL",278,0.00482497650782626,0.00364456752059392,1.3238817721341,0.185542312823628,"tmax:deltaED","p > 0.05"
4650,"ACFL",278,-0.000191577772775262,0.00390963347422023,-0.0490014662598192,0.960918127438752,"deltaED:tmin","p > 0.05"
6100,"SUTA",236,0.00645282972942248,0.00379909882018191,1.69851589412289,0.0894104354421961,"tmax","p > 0.05"
6100,"SUTA",236,-0.00825808311429505,0.00302429717442719,-2.73057925131288,0.00632231300886255,"deltaED","p < 0.05"
6100,"SUTA",236,-0.00321262010163595,0.00353227273371821,-0.909505110114817,0.363083561640625,"tmin","p > 0.05"
6100,"SUTA",236,0.00449725546806249,0.002285920374976,1.96737188105675,0.0491403536277621,"deltaProp","p < 0.05"
6100,"SUTA",236,-0.0106014877826637,0.00440532537238816,-2.40651640605527,0.0161054806165102,"tmax:deltaED","p < 0.05"
6100,"SUTA",236,-0.00154682055191092,0.00430257973657715,-0.359510025755263,0.719213579000128,"deltaED:tmin","p > 0.05"
7360,"CACH",317,0.00176010558483704,0.00302025898686686,0.582766442378151,0.560050538296275,"tmax","p > 0.05"
7360,"CACH",317,0.000676560453926201,0.00262277783008321,0.257955685825184,0.796441107611695,"deltaED","p > 0.05"
7360,"CACH",317,0.00188482786195597,0.00312709867423418,0.602740130167962,0.546681580558868,"tmin","p > 0.05"
7360,"CACH",317,0.00138580120126151,0.00210589618294956,0.658057701268318,0.510501054525827,"deltaProp","p > 0.05"
7360,"CACH",317,0.00175881604180754,0.00335115230274733,0.524839184529342,0.599694989188782,"tmax:deltaED","p > 0.05"
7360,"CACH",317,-0.00920557547186882,0.00341354586096291,-2.69677802696111,0.00700139236835384,"deltaED:tmin","p < 0.05"
6480,"NOPA",274,0.00366315814461375,0.00330976281789204,1.10677361072863,0.268391820386652,"tmax","p > 0.05"
6480,"NOPA",274,0.00467381677302573,0.00351144114543239,1.3310252342134,0.183180707971187,"deltaED","p > 0.05"
6480,"NOPA",274,-0.0109728280200604,0.0036440800127961,-3.0111380599574,0.00260270484587499,"tmin","p < 0.05"
6480,"NOPA",274,0.00287095974714126,0.00251101611038739,1.14334580939759,0.252895042372807,"deltaProp","p > 0.05"
6480,"NOPA",274,-0.00312262240200532,0.00372798630109738,-0.837616383162711,0.402246188562417,"tmax:deltaED","p > 0.05"
6480,"NOPA",274,0.00212379170153276,0.00409822381307748,0.518222478419971,0.604303053108666,"deltaED:tmin","p > 0.05"
6770,"KEWA",165,0.00871339625548211,0.00491473521301712,1.7729126550712,0.0762431813432509,"tmax","p > 0.05"
6770,"KEWA",165,0.000597050827002722,0.005030535469182,0.118685342874604,0.90552464915502,"deltaED","p > 0.05"
6770,"KEWA",165,-0.00663724767774761,0.00561660276563169,-1.18171926246259,0.237317112603648,"tmin","p > 0.05"
6770,"KEWA",165,0.0012529612404962,0.00343842457109964,0.364399804209023,0.715559481656589,"deltaProp","p > 0.05"
6770,"KEWA",165,0.000837109582743811,0.0052705471354522,0.158827833473496,0.873804519216038,"tmax:deltaED","p > 0.05"
6770,"KEWA",165,0.00237965920633627,0.00692645788262609,0.3435607704055,0.731176631379614,"deltaED:tmin","p > 0.05"
6630,"YTWA",99,0.00411335357860288,0.00650675683738997,0.632166481920178,0.527278096869505,"tmax","p > 0.05"
6630,"YTWA",99,-0.00104645499198995,0.00504723759863775,-0.207332223129814,0.835750410429278,"deltaED","p > 0.05"
6630,"YTWA",99,-0.00670237004052913,0.00832376103891739,-0.805209328955083,0.420698893972659,"tmin","p > 0.05"
6630,"YTWA",99,-0.00317347777869803,0.00376561829211217,-0.842750786861617,0.399367836851109,"deltaProp","p > 0.05"
6630,"YTWA",99,-0.0040901819295308,0.00785418209035159,-0.520764846355594,0.602530594684769,"tmax:deltaED","p > 0.05"
6630,"YTWA",99,0.0177085248923741,0.00905240823169024,1.95622252544697,0.050438946109862,"deltaED:tmin","p > 0.05"
7290,"BHNU",97,0.0034846141255913,0.00810412281710442,0.429980419131449,0.667209884907277,"tmax","p > 0.05"
7290,"BHNU",97,-0.00100745006291095,0.00578129630859396,-0.174260236655465,0.861660947618448,"deltaED","p > 0.05"
7290,"BHNU",97,-0.00389050491362841,0.00767962051784681,-0.506601192674455,0.612434671335793,"tmin","p > 0.05"
7290,"BHNU",97,0.00101610828949072,0.00524743780700063,0.193638939014222,0.846458606290988,"deltaProp","p > 0.05"
7290,"BHNU",97,-0.0042659882234138,0.00904961837264692,-0.471399792537996,0.637355264108592,"tmax:deltaED","p > 0.05"
7290,"BHNU",97,-0.000755995734827801,0.00815039616089183,-0.0927557041282615,0.926097642219603,"deltaED:tmin","p > 0.05"
6370,"PROW",65,0.00617072561622496,0.00653871169493053,0.943721929353319,0.345311764768865,"tmax","p > 0.05"
6370,"PROW",65,-0.00501612497257164,0.00574882730687242,-0.872547513572919,0.382909759557373,"deltaED","p > 0.05"
6370,"PROW",65,0.00939112091751288,0.00710499778056484,1.32176268136234,0.186247188795062,"tmin","p > 0.05"
6370,"PROW",65,-0.00354911077853976,0.00295612595617445,-1.20059524903759,0.229908244877854,"deltaProp","p > 0.05"
6370,"PROW",65,0.00909897347029068,0.00868138289387521,1.04810184984584,0.294591684118913,"tmax:deltaED","p > 0.05"
6370,"PROW",65,0.000477578150289894,0.0102591191172992,0.0465515747336034,0.96287062791852,"deltaED:tmin","p > 0.05"
3880,"BBCU",67,0.00710742406371163,0.00681465356992557,1.04296190419394,0.296965936979071,"tmax","p > 0.05"
3880,"BBCU",67,-0.00293194284958119,0.00397163563145445,-0.738220501991894,0.460380466253774,"deltaED","p > 0.05"
3880,"BBCU",67,-0.00772293205554954,0.00538624157165366,-1.43382578609048,0.151621984451169,"tmin","p > 0.05"
3880,"BBCU",67,-0.000959253941332772,0.00542930906571905,-0.176680665941372,0.859759228290498,"deltaProp","p > 0.05"
3880,"BBCU",67,0.0065345535719109,0.00782440349649953,0.835150382368997,0.403633042345667,"tmax:deltaED","p > 0.05"
3880,"BBCU",67,-0.0151407615158683,0.00783563891591371,-1.93229444061266,0.0533231742179965,"deltaED:tmin","p > 0.05"
6570,"MAWA",85,0.0027160300091971,0.00748575713810386,0.362826359323363,0.716734599848668,"tmax","p > 0.05"
6570,"MAWA",85,0.00899664045021436,0.0067333816557969,1.33612513148857,0.18150837689994,"deltaED","p > 0.05"
6570,"MAWA",85,0.00470292824268199,0.00582970123161906,0.806718570271545,0.419828642660772,"tmin","p > 0.05"
6570,"MAWA",85,0.00236302215648981,0.00624588112519378,0.378332873957235,0.705183327246791,"deltaProp","p > 0.05"
6570,"MAWA",85,0.00332622380248924,0.00636607151052774,0.522492371785107,0.601327556291719,"tmax:deltaED","p > 0.05"
6570,"MAWA",85,-0.00845300747432871,0.00598650950302946,-1.41200936372874,0.15794720409835,"deltaED:tmin","p > 0.05"
6860,"CAWA",45,-0.000651504257316475,0.00839856043524404,-0.0775733248977382,0.938167462070838,"tmax","p > 0.05"
6860,"CAWA",45,0.00247337450006841,0.00736888589026643,0.335651078996282,0.737134000836999,"deltaED","p > 0.05"
6860,"CAWA",45,-2.34494228581669e-07,0.0064161490574308,-3.65475032582188e-05,0.999970839311421,"tmin","p > 0.05"
6860,"CAWA",45,-0.00909104425668038,0.00771521923195702,-1.17832610887123,0.238666622947213,"deltaProp","p > 0.05"
6860,"CAWA",45,-0.00569991065543435,0.00731604152440839,-0.77909763584827,0.435922202680397,"tmax:deltaED","p > 0.05"
6860,"CAWA",45,-0.0159176727477635,0.00692074647229462,-2.29999362228999,0.0214485813692662,"deltaED:tmin","p < 0.05"
6750,"NOWA",43,0.00790663906386064,0.00469169043665204,1.6852431273157,0.0919416734297898,"tmax","p > 0.05"
6750,"NOWA",43,-0.0154008927862722,0.0047260696449217,-3.25871050225019,0.00111919811529892,"deltaED","p < 0.05"
6750,"NOWA",43,0.0028702168069271,0.00575302818122813,0.498905396690476,0.617846031994835,"tmin","p > 0.05"
6750,"NOWA",43,-0.00164156666474706,0.00592701406818714,-0.276963517525302,0.781808119495781,"deltaProp","p > 0.05"
6750,"NOWA",43,-0.00117086961664899,0.00554546235751276,-0.211140125234598,0.832777930521587,"tmax:deltaED","p > 0.05"
6750,"NOWA",43,0.00237535194946923,0.00531002050519998,0.447333856271007,0.654634025391632,"deltaED:tmin","p > 0.05"
