"aou","param","Estimate","Std..Error","Adjusted.SE","z.value","Pr...z.."
5011,"(Intercept)",-1.93717409990728,0.265380341773812,0.265930015942753,7.2845259420595,0
5011,"tmin",17.2128573693707,6.13842630572359,6.15154940919802,2.79813364477467,0.0051399
5011,"dEDz",-0.0667207867322246,0.120027371496739,0.120169651716508,0.555221603617737,0.5787431
5011,"ppt",-0.014904091186172,0.0410361480844913,0.0410989450870632,0.362639263723179,0.7168744
5011,"tmax",0.0142889794788332,3.67725810531762,3.6853158654298,0.00387727402496795,0.9969064
6520,"(Intercept)",0.0945059838611794,0.0349484125740703,0.034997319851392,2.70037775070997,0.0069261
6520,"dEDz",0.0161702503917581,0.018348060329334,0.0183618356221884,0.88064454581099,0.3785102
6520,"ppt",-0.0201230308491803,0.00422416538116121,0.00423090784142319,4.75619692118164,2e-06
6520,"tmax",-1.29537000986783,0.985476487853064,0.98625957523211,1.31341691619366,0.1890425
6520,"tmin",-1.80188034518901,0.634302437036838,0.635287215690215,2.83632395031173,0.0045636
5080,"(Intercept)",-0.0114774459618607,0.0350425414717355,0.0352228166557524,0.325852587941352,0.7445359
5080,"ppt",0.0269573951432304,0.00772487774192508,0.00777452361163081,3.46740153993509,0.0005255
5080,"dEDz",0.010111682629619,0.0156436294887651,0.0156970918501512,0.644175540676444,0.5194616
5080,"tmax",-0.527977233289514,0.927699031634567,0.93109017404861,0.567052738827367,0.5706784
5080,"tmin",0.206413109049336,0.560567401685527,0.563205646060736,0.366496874619535,0.7139943
4950,"(Intercept)",-0.0295956128865556,0.0652500463963761,0.065280945356736,0.453357602663788,0.6502913
4950,"dEDz",0.0303852101078308,0.0312042694774395,0.0312169130306168,0.973357297629964,0.3303758
4950,"tmax",2.08370702867008,1.73047567364025,1.73120977982343,1.20361324950613,0.2287391
4950,"tmin",-1.59735206351048,1.42148218096129,1.42206825032872,1.12325977543008,0.2613272
4950,"ppt",0.000233596185025801,0.00327679557111479,0.00327941348338222,0.0712310863541616,0.9432138
4130,"(Intercept)",0.0141715018417184,0.0193454146783651,0.0194375138344349,0.729079961687928,0.4659528
4130,"ppt",0.00528818201270104,0.00493967941040245,0.00495309613824481,1.0676518010359,0.2856776
4130,"tmax",-0.0927161759587735,0.332452509571224,0.333836213303715,0.277729534016799,0.78122
4130,"tmin",-0.0644112643045309,0.235664277370948,0.236652703606863,0.272176329798173,0.7854864
4130,"dEDz",0.000170407301340992,0.00576707633778577,0.00579801961648248,0.0293906044844281,0.9765531
7610,"(Intercept)",0.146121051007006,0.075715956515146,0.0757719000923706,1.92843324278361,0.0538013
7610,"dEDz",0.120875671051766,0.035346995876625,0.0353778626377553,3.41670361178823,0.0006338
7610,"tmax",1.72247398091353,2.01670203604673,2.0175345590425,0.853751908830248,0.3932425
7610,"tmin",-4.01332733846153,1.45985834421041,1.46112920445101,2.74672994437166,0.0060193
7610,"ppt",0.00403902934259005,0.00745869896175668,0.00746242639582156,0.541248801442333,0.5883361
4880,"(Intercept)",-0.273973006637635,0.0416307429774616,0.0416656647401874,6.57551027557188,0
4880,"dEDz",-0.0591600664249234,0.0389061629635946,0.0389279217956111,1.5197334893843,0.128578
4880,"ppt",0.00457186296548947,0.00692574712116044,0.0069288994086424,0.659825276116289,0.509366
4880,"tmax",-0.096735788089531,0.781222962797474,0.78189229921491,0.123720093146668,0.9015369
4880,"tmin",0.0431545364969066,0.627677472014479,0.628237955725423,0.0686913869237274,0.9452353
5990,"(Intercept)",0.0229020154835433,0.047305188488438,0.0478341305290101,0.478779800746119,0.6320953
5990,"dEDz",0.0425108086966953,0.0408998897377326,0.0411513206492458,1.03303631635634,0.3015869
5990,"tmax",0.381624191318571,0.990005791154523,0.998206913006825,0.382309705879548,0.7022317
5990,"ppt",-0.000654573292003628,0.0051185878425937,0.00517787224586251,0.126417428032659,0.8994015
5990,"tmin",0.000431062937520941,0.4439584656173,0.449230012713766,0.000959559524789808,0.9992344
7670,"(Intercept)",0.0719361479464086,0.0678775373544688,0.0693551801036008,1.03721377176085,0.2996362
7670,"dEDz",0.103217836521581,0.0382659146891926,0.039245124086471,2.63008052399466,0.0085365
7670,"tmin",0.305854904823273,0.881042830811843,0.896259075928049,0.341257246970212,0.7329099
7670,"tmax",0.213870294652495,0.973674334587889,0.994734111456044,0.215002473715757,0.8297654
7670,"ppt",-0.000257373943987862,0.00489480807615382,0.00501917878463685,0.0512780984761202,0.9591039
5520,"(Intercept)",0.153211919079138,0.0743809263109862,0.0745611562259976,2.05484902372956,0.0398936
5520,"tmax",1.54711245994444,2.00969024252209,2.0129849732731,0.76856632338832,0.4421508
5520,"tmin",-3.19009927797533,1.86248382994162,1.86678253156522,1.70887568532183,0.087474
5520,"dEDz",0.0042125289395429,0.0163144082966808,0.0163596117876533,0.257495654189186,0.7967962
5520,"ppt",0.00135746827443038,0.0067728781855152,0.00679319201922605,0.19982774969241,0.8416153
5960,"(Intercept)",0.0744962710664575,0.0431087821189051,0.0433989133946241,1.71654691879188,0.086062
5960,"dEDz",0.0642788893574692,0.03694221752263,0.0371137133733643,1.73194443549269,0.0832835
5960,"ppt",0.0301316546355542,0.00848924086770549,0.00855192908081088,3.52337517662122,0.0004261
5960,"tmax",-0.6129514039448,1.04609936078886,1.0503569444202,0.583564860689478,0.5595131
5960,"tmin",0.0103718092773086,0.469825736500957,0.473354823482965,0.0219112783112516,0.9825187
7030,"(Intercept)",-0.131053561328979,0.0525980374106847,0.0526505116618874,2.48912227426358,0.0128059
7030,"tmax",2.30912541983607,1.95766043580787,1.95901694479402,1.17871640976483,0.2385111
7030,"dEDz",0.00920959212467412,0.0211699684336328,0.0211872059018918,0.434677048371526,0.6637969
7030,"tmin",0.216543378592127,0.824517739221866,0.825399512908643,0.262349777538691,0.7930518
7030,"ppt",0.000631970482358293,0.00345040081553677,0.0034545144137155,0.182940467652754,0.8548447
3370,"(Intercept)",0.0186640756632401,0.00491304432624811,0.004919393721342,3.79397883569859,0.0001483
3370,"ppt",-0.000135852220515466,0.000533749818753898,0.000534335099298058,0.254245361560436,0.799306
3370,"dEDz",0.000492548893631644,0.00204448338010251,0.00204677054263929,0.240646854823554,0.8098288
3370,"tmax",0.0241472128100121,0.109263817380615,0.109389428723347,0.220745396441203,0.8252907
3370,"tmin",0.00559488794976862,0.0752710686954692,0.0753704528035229,0.0742318473839275,0.9408259
4620,"(Intercept)",0.170095036896828,0.0738342851222311,0.0742756805350036,2.29005019774498,0.0220184
4620,"ppt",0.0135460811539578,0.0144471394600678,0.0144946505330711,0.934557278428412,0.3500165
4620,"tmin",-2.84663753252946,1.28773578121425,1.29466079672169,2.19875162647827,0.0278956
4620,"dEDz",0.0162101561807679,0.0304023308736366,0.0305222474054877,0.531093138896887,0.5953542
4620,"tmax",0.206686040380388,0.884526180467564,0.889763802571972,0.232293154411246,0.8163103
5300,"(Intercept)",0.155453977002546,0.140426524682689,0.142924334025961,1.08766626804298,0.2767425
5300,"dEDz",0.142923901900514,0.0820119251831749,0.083188376290494,1.71807538833819,0.0857829
5300,"tmin",-1.15022729272909,2.40957672031427,2.44177727774574,0.471061510487553,0.6375968
5300,"ppt",-0.00274431890385588,0.012185488023544,0.0124061106695336,0.221207030709088,0.8249312
5300,"tmax",-0.121998518902371,1.49288683626202,1.52602551697966,0.0799452679820408,0.9362808
7270,"(Intercept)",0.0263499527962256,0.0155621219174618,0.0155856992844325,1.69064937769874,0.0909038
7270,"tmin",0.79729125493293,0.310229835921519,0.310753779621688,2.56566872944732,0.0102977
7270,"tmax",-0.247590156751907,0.357853227887617,0.358157514343258,0.691288460625781,0.4893843
7270,"ppt",0.000474960256345615,0.00111206931345161,0.00111331399929129,0.426618417309012,0.6696573
7270,"dEDz",-0.00204626855901826,0.00495652163274377,0.00496217418102164,0.412373383998576,0.6800658
4980,"(Intercept)",-0.93298238629234,0.232666135733831,0.23278814504522,4.00786039216518,6.13e-05
4980,"dEDz",0.270153032571661,0.100588601085525,0.100670120983372,2.68354731207965,0.0072846
4980,"tmin",8.06832122450372,5.42255067890947,5.42507307413999,1.48722811918672,0.1369546
4980,"tmax",-3.53899614396156,5.2490100593744,5.25119744554528,0.673940787917578,0.500349
4980,"ppt",0.000997827894522874,0.0121129652003993,0.0121226239988333,0.0823112136958887,0.9343992
3390,"(Intercept)",0.028421111656933,0.00950337213138477,0.00954452803411591,2.97773882117007,0.0029038
3390,"ppt",0.000435658022216541,0.000950333890405726,0.000952912602937176,0.457185707140095,0.6475376
3390,"dEDz",0.0010562455530846,0.00422309717529979,0.00423900036686364,0.249173262956355,0.8032268
3390,"tmin",0.0316543407613042,0.1785520140016,0.179294183138919,0.176549736344643,0.8598621
3390,"tmax",-0.0175358876475158,0.189890055543459,0.190733044974775,0.0919394311029585,0.9267462
4930,"(Intercept)",-0.383287427462159,0.146061670221937,0.146148517798224,2.62258853689734,0.0087265
4930,"ppt",-0.0158209527987908,0.0202084326124101,0.0202170984609394,0.782553086406432,0.4338896
4930,"tmin",-1.93603110655272,3.22488423188536,3.22637531492434,0.600063823200347,0.5484637
4930,"dEDz",0.0144574202153548,0.0477890679994302,0.0478216238267868,0.302319726066196,0.7624083
4930,"tmax",0.00370381442559017,2.04816802903286,2.04998338989796,0.00180675338338938,0.9985584
3131,"(Intercept)",-0.147793186900284,0.0650225604595618,0.0650970962418932,2.27034991470436,0.0231864
3131,"tmin",-0.859843053006677,1.49833594605004,1.49959307731998,0.573384250708438,0.5663846
3131,"tmax",-0.222675286046707,1.02702675002312,1.02846221815887,0.21651285007371,0.828588
3131,"dEDz",-0.00368059044194478,0.0196319899924872,0.0196604702471877,0.187207650461528,0.8514978
3131,"ppt",0.000473390563147513,0.00473216843919688,0.00473966752422155,0.099878432554246,0.9204408
6882,"(Intercept)",-1.44661362907458,0.154889898096507,0.155035063415149,9.3308803647913,0
6882,"ppt",-0.0382933587152673,0.0221516665554424,0.022166292584994,1.72754909592734,0.0840691
6882,"tmin",16.9636085293787,3.53874368041965,3.54226355149592,4.7889176744669,1.7e-06
6882,"tmax",-0.728910645315893,2.45564066271552,2.45752684168459,0.296603330206656,0.7667694
6882,"dEDz",-0.00803180473713612,0.0413293064560552,0.0413659209226491,0.194164775206019,0.8460469
7190,"(Intercept)",-0.153397606398268,0.0710703227351568,0.0715076540442446,2.14519142668776,0.0319375
7190,"dEDz",0.0250851745086552,0.0337524232060317,0.0338967037751415,0.740047606842872,0.4592711
7190,"tmin",1.90763494218999,1.87118189960745,1.87899742810176,1.01524084794366,0.309991
7190,"ppt",0.0064707421595401,0.0103187597579404,0.0103652309603369,0.624273803864162,0.5324478
7190,"tmax",0.181714557976382,1.08480932722639,1.09389328647083,0.166117262281258,0.8680647
6130,"(Intercept)",-0.0494145900269929,0.0318551997203316,0.0318800435133848,1.55001639211208,0.1211376
6130,"ppt",0.00145829879360506,0.00388149737985607,0.00388366119912093,0.375495883609813,0.7072917
6130,"dEDz",0.00505547739149257,0.014436542555901,0.0144449272142202,0.34998289133058,0.7263515
6130,"tmax",0.173202192921559,0.67909686779615,0.679556864148034,0.254875201854821,0.7988195
6130,"tmin",0.104310955158356,0.544875042159479,0.545278401170473,0.191298527384262,0.8482917
5880,"(Intercept)",-0.0423645070866869,0.0582385107236812,0.0586261527632332,0.722621306190424,0.4699126
5880,"tmax",-0.402849070710943,1.13886607533434,1.14445718267681,0.352000124433407,0.7248382
5880,"ppt",0.00239691410489021,0.00751650705662224,0.00755554121843158,0.317239233510234,0.7510621
5880,"dEDz",0.00466740553947376,0.0218209985441349,0.0219542848712422,0.212596564490587,0.8316417
5880,"tmin",-0.118918491997545,0.712672139359153,0.717282735549351,0.165790261083683,0.868322
3160,"(Intercept)",-0.203156832992514,0.0622584410490744,0.0623017081385035,3.26085494383033,0.0011108
3160,"tmax",7.58716546966,1.9619641695257,1.96343854820891,3.86422354627863,0.0001114
3160,"ppt",0.00403108295231541,0.00767575342691679,0.00767900891610811,0.524948335957715,0.5996191
3160,"tmin",0.245084911167434,0.960956070106031,0.961552309213239,0.254884636872192,0.7988122
3160,"dEDz",-0.00456747678378736,0.0198209762283907,0.019833691819676,0.230288784625371,0.8178674
4540,"(Intercept)",0.0764348396493045,0.0655952276644239,0.0659892744735993,1.15829186271603,0.246745
4540,"dEDz",0.0486964279440254,0.037218181457384,0.0373754685613263,1.30289812592245,0.1926095
4540,"tmax",-1.18956489010373,1.85134368212139,1.85919999406203,0.639826212297225,0.5222856
4540,"ppt",0.00484136182513377,0.0100040556317449,0.0100524801090555,0.481608694830697,0.6300839
4540,"tmin",0.579448675750598,1.17377229046679,1.17940996101102,0.49130386795604,0.6232115
5190,"(Intercept)",0.00470593447043555,0.0709811334199039,0.0710729636961263,0.0662127231749594,0.9472085
5190,"ppt",-0.0245624693047728,0.00710631107900599,0.00711638321779262,3.45153830998883,0.0005574
5190,"tmin",-6.43120928959981,1.38160563668149,1.38356561574302,4.64828643934321,3.3e-06
5190,"tmax",1.05189989798794,1.53122075075884,1.5323186850882,0.686475932340013,0.492413
5190,"dEDz",-0.0172566984492933,0.027948976313123,0.0279700667024488,0.616970228668868,0.5372544
5810,"(Intercept)",-0.130780255821363,0.0555684790347199,0.0556216658311697,2.35124665662343,0.0187106
5810,"ppt",-0.024094033824617,0.00660459064112376,0.00661304899787551,3.64340772801734,0.0002691
5810,"tmax",-3.2185059708831,1.53424424574401,1.53573305692587,2.0957457133375,0.0361048
5810,"tmin",0.640668008356175,1.03268204962899,1.03335799270115,0.6199865031106,0.5352667
5810,"dEDz",0.00101663009289445,0.0140859661158205,0.0141037744548812,0.0720821292304911,0.9425365
4470,"(Intercept)",-0.102653333514106,0.0693742112950679,0.0695800073197525,1.47532800682769,0.1401244
4470,"tmax",5.42092137108394,2.16891319743704,2.17538689558545,2.49193436904705,0.012705
4470,"dEDz",0.0128685527144262,0.029211104370899,0.0292661539464304,0.439707682054196,0.6601488
4470,"ppt",0.00145321796540406,0.00859971228691164,0.00862324039833865,0.16852342023122,0.8661715
4470,"tmin",-0.0337428908019932,1.01036726025665,1.01336829240125,0.0332977566547272,0.9734371
4812,"(Intercept)",-0.0332933271562544,0.116555687912018,0.119524004622684,0.278549294439686,0.7805907
4812,"ppt",0.0132008524653774,0.0216005326417898,0.0219268802899023,0.602039701537324,0.5471477
4812,"tmin",-0.464988496246856,1.63984995167938,1.6755784474597,0.277509236855973,0.7813891
4812,"tmax",-0.151708121207772,1.25256290403474,1.28863888592969,0.117727412127814,0.9062836
4812,"dEDz",-0.0010074356421036,0.0262724271726058,0.0270168415719591,0.0372891716235707,0.9702544
5100,"(Intercept)",-0.556305480595749,0.145671909776168,0.146086469494949,3.808056163716,0.0001401
5100,"ppt",0.0893172259188535,0.0302002632982415,0.0303140914095208,2.94639297322965,0.003215
5100,"tmax",6.20020931192768,5.03419990761701,5.04382499107928,1.22926733637539,0.2189716
5100,"dEDz",0.0221029741490408,0.0547751829297612,0.0549138297929693,0.402502870995726,0.687314
5100,"tmin",0.219701893835883,1.59686279921022,1.60260624656737,0.13709037657033,0.8909594
6140,"(Intercept)",-0.00147643584911237,0.0512064845771377,0.0512805191409584,0.0287913592499714,0.977031
6140,"ppt",-0.0100825172847121,0.00958334442718098,0.00959254394370069,1.05107856100395,0.2932225
6140,"tmin",-0.184223626230034,0.686686870381919,0.687723569788349,0.267874527387116,0.7887959
6140,"tmax",-0.238836832274452,0.892912762092333,0.894272285245077,0.267073950758743,0.7894122
6140,"dEDz",0.00250426509909996,0.0166678703124733,0.0166974643566264,0.149978765973897,0.8807814
3250,"(Intercept)",0.130050658894115,0.0312962302284753,0.0313306949985339,4.15090245844214,3.31e-05
3250,"dEDz",-0.0570347275204915,0.0169896548878476,0.0170160428040002,3.35182087735954,0.0008028
3250,"tmin",0.376921133711018,0.674393160063061,0.674981889665121,0.558416661961138,0.5765599
3250,"ppt",0.00183038589366692,0.00330255993985043,0.0033054572465139,0.553746655049717,0.5797522
3250,"tmax",-0.0550843276470941,0.490158307563772,0.490893378949452,0.112212407030176,0.910655
6170,"(Intercept)",0.0407483168715103,0.0300414166201925,0.0301146392790605,1.3531065902504,0.1760216
6170,"ppt",-0.00227906588695791,0.00421861134881325,0.00422447405908684,0.539491036062971,0.5895481
6170,"tmax",-0.182582279864099,0.707395328169817,0.708885084466264,0.257562592111202,0.7967445
6170,"tmin",-0.0695685095482022,0.468084398245067,0.469222733412953,0.148263297138624,0.882135
6170,"dEDz",-0.000563059620261825,0.0110532754364441,0.0110819908349513,0.0508085260715072,0.9594781
6830,"(Intercept)",-0.0313092735029049,0.0317738927715472,0.0318405137747558,0.983315587317185,0.3254521
6830,"dEDz",0.0106590094189549,0.0184828906837769,0.0185064980728263,0.575960366840329,0.564642
6830,"ppt",-0.00140576104209948,0.0031926576354377,0.00319748981248693,0.439645198120622,0.6601941
6830,"tmin",-0.141190733313087,0.576525581443072,0.577655704488548,0.244420218161087,0.8069054
6830,"tmax",0.0862309118374427,0.609816996741283,0.61116208292968,0.141093360085567,0.8877962
4860,"(Intercept)",0.165149115403796,0.0498288227595921,0.0499420809362255,3.30681285817238,0.0009436
4860,"dEDz",0.031070473813644,0.0340627144251621,0.0341047237116971,0.911031388974062,0.3622788
4860,"ppt",-0.0246529708831529,0.00889089096405058,0.00891424681671679,2.76556969871212,0.0056823
4860,"tmax",0.468204064028729,1.09962479475922,1.10154174335396,0.425044322517591,0.6708044
4860,"tmin",-0.223746185700836,0.760557964440036,0.7621340524671,0.293578518079002,0.76908
2940,"(Intercept)",0.0143968621242027,0.236250010895317,0.239124179551067,0.0602066346917799,0.9519911
2940,"dEDz",0.22872335791719,0.138826180289434,0.14018167994177,1.63162089377299,0.1027594
2940,"ppt",0.0382687695550086,0.0453645404431661,0.0457100429981355,0.837207034711595,0.4024762
2940,"tmax",6.92750520644693,6.37890583676174,6.43187421953489,1.07705856333551,0.2814541
2940,"tmin",-2.48067035194614,4.11004382769561,4.1457258860745,0.598368155569263,0.5495943
3091,"(Intercept)",-0.16933723603934,0.172783673282179,0.173084327209956,0.978351066032274,0.3279007
3091,"dEDz",0.221895860702152,0.0813832868594596,0.0816018632773969,2.71924992628956,0.006543
3091,"ppt",0.0254450248055779,0.0336300098823515,0.0336740060733628,0.755628087437619,0.4498722
3091,"tmin",-2.90853447858447,4.08416164773011,4.08962075520817,0.711199070202396,0.4769609
3091,"tmax",-1.49812140201926,3.43008171359503,3.43609818891846,0.435994933686921,0.6628404
6150,"(Intercept)",0.0366237007857843,0.106531896907971,0.107280919250263,0.341381310318094,0.7328165
6150,"tmin",0.775943280683056,1.57637707627431,1.58475609851218,0.489629465008234,0.6243961
6150,"tmax",-0.437325107558591,1.61254236979262,1.62447163145147,0.269210676931206,0.7877676
6150,"ppt",0.000762171556329314,0.00922138103330158,0.00930426244114856,0.0819163862960886,0.9347132
6150,"dEDz",0.00209064983760327,0.0306812354164371,0.0309598429501069,0.0675277920812596,0.9461615
6120,"(Intercept)",0.525149693566797,0.312732879237873,0.313171309529608,1.67687676867841,0.0935666
6120,"tmin",-5.28971863350344,7.39253234534844,7.40032310379588,0.714795632475853,0.4747353
6120,"tmax",-3.37795827229086,6.91848001597965,6.92715777817155,0.487639863341252,0.625805
6120,"ppt",0.00536544812204395,0.026516498097348,0.0265656188068673,0.201969627022464,0.8399405
6120,"dEDz",0.000779748192669532,0.0819295052100648,0.0821027759878519,0.00949722080998705,0.9924224
7510,"(Intercept)",0.040843024860484,0.0262069257212917,0.026256727631336,1.55552608969215,0.1198208
7510,"ppt",0.00342313163955703,0.00398933158368022,0.00399326996739727,0.857225198272322,0.3913204
7510,"dEDz",0.00943533368810877,0.0163294028234071,0.0163474683456049,0.577173999584193,0.5638219
7510,"tmax",-0.178312244800192,0.604599420001752,0.605534277546177,0.294470934862303,0.7683981
7510,"tmin",-0.0396357046604608,0.446066786332207,0.446958348804577,0.0886787432575527,0.9293372
5290,"(Intercept)",0.0440698363711727,0.0406668925302981,0.040695520183702,1.08291615814809,0.2788456
5290,"ppt",-0.00694398529062184,0.00481354419884062,0.0048168392064723,1.44160620543267,0.1494135
5290,"tmax",-0.86046517845741,0.985813144426288,0.986351568707695,0.872371683440196,0.3830056
5290,"tmin",1.25671863517785,0.851537929212478,0.852127738423528,1.47480075874872,0.1402661
5290,"dEDz",0.000699410395506786,0.00742658855399346,0.00743486517043934,0.0940716986082825,0.9250522
3600,"(Intercept)",-0.0144247208831573,0.00697565616990093,0.00699162283445414,2.06314345391652,0.039099
3600,"dEDz",-0.0111714099980398,0.00428057428668567,0.0042911874945283,2.60333765706684,0.0092321
3600,"ppt",-0.00270602888169517,0.00151302664562856,0.00151558919532165,1.78546329707825,0.0741862
3600,"tmin",0.021472777751186,0.106132318508465,0.106365168693139,0.201877908106689,0.8400122
3600,"tmax",-0.0116823643110232,0.123086530435711,0.123384193485504,0.0946828275243841,0.9245668
4740,"(Intercept)",-1.09519265417288,0.25128676846966,0.251623922356536,4.35249814054271,1.35e-05
4740,"dEDz",-0.182892369413763,0.124414914292252,0.124536705838124,1.46858203919005,0.1419462
4740,"tmax",16.4651851703026,5.74386289592546,5.75368120500339,2.86167839052057,0.004214
4740,"tmin",10.4113547083115,5.81426558365696,5.82070213920599,1.78867677117245,0.0736669
4740,"ppt",-0.00440871927834037,0.0192510031057658,0.0192777908924582,0.228694216206336,0.8191066
4590,"(Intercept)",-0.0631514736356002,0.0329813365322414,0.0333593032281913,1.89306932472834,0.0583487
4590,"dEDz",0.090050670095938,0.0205874917942541,0.0208911288741346,4.31047410786068,1.63e-05
4590,"tmax",-0.317875627696848,0.62258228404975,0.627744137204568,0.506377692529941,0.6125915
4590,"tmin",-0.194018900486209,0.426322791983144,0.430117407194096,0.451083581461876,0.6519293
4590,"ppt",-0.000119731042323426,0.00254074931903238,0.0025777748588547,0.046447439702559,0.9629536
7210,"(Intercept)",-0.0386939663611386,0.0206640830124553,0.0206904029364678,1.87014078362576,0.0614643
7210,"ppt",0.00115436852159654,0.00279751432203707,0.00279994547544164,0.412282500399212,0.6801324
7210,"tmin",-0.0435317988146734,0.303930000149256,0.304317837930951,0.143047148043128,0.8862529
7210,"tmax",0.0544013381339912,0.394149097176236,0.394656310424321,0.137844845494807,0.890363
7210,"dEDz",0.000541534195812975,0.00721576668951295,0.00722546908281095,0.074947963877011,0.9402561
6291,"(Intercept)",-0.0771425386490242,0.0551628219285066,0.0562024595083233,1.37258296743401,0.169882
6291,"tmax",2.27862180932963,1.33470754555207,1.356321914405,1.68000073222236,0.0929572
6291,"tmin",-0.0769807278159999,0.349973467255449,0.356670241788425,0.215831652873537,0.829119
6291,"dEDz",0.00222162957857782,0.0107001187075188,0.010910435615328,0.203624278342898,0.8386471
6291,"ppt",0.000102292825074989,0.00313441444372052,0.00321321471490806,0.0318350418975708,0.9746036
4690,"(Intercept)",-0.018921031795305,0.0777830572317628,0.0787355076404521,0.240311294895162,0.8100889
4690,"dEDz",0.0762011488004835,0.045648893457164,0.0461373490631413,1.65161523901597,0.098613
4690,"tmin",0.44669169239506,0.970272290301281,0.979375966332373,0.456098278649678,0.6483193
4690,"ppt",-0.00401574908041572,0.0129867106226868,0.0131490186495917,0.305402949636885,0.7600593
4690,"tmax",0.224726339297048,0.909054109547971,0.921465799820481,0.243879196971639,0.8073244
5671,"(Intercept)",-0.165462252705368,0.116085220690017,0.11704832968473,1.41362335670266,0.1574725
5671,"tmin",-1.89889731524077,2.04509019941161,2.05718647076762,0.923055514035254,0.3559783
5671,"tmax",0.0559810874367675,1.02873465403332,1.04125296150851,0.0537631963664862,0.9571238
5671,"dEDz",0.000190482763602855,0.028057452943077,0.0284050315471938,0.00670595148913584,0.9946495
5671,"ppt",-0.000170667908611421,0.00626110372975314,0.00634111969989476,0.02691447515401,0.9785279
5210,"(Intercept)",-0.399032283813123,0.173814542808413,0.177082425843788,2.25337032690713,0.0242358
5210,"dEDz",-0.179673972460092,0.153708925257594,0.155214923254727,1.15758181425135,0.2470347
5210,"ppt",-0.00919921670707718,0.0245667445542526,0.0248915448374913,0.369571947708984,0.7117015
5210,"tmax",0.489631303814169,2.29972112930988,2.33730652300657,0.209485276746816,0.8340694
5210,"tmin",0.0913041853534411,1.66653359495735,1.69897666529026,0.0537406941594705,0.9571418
7540,"(Intercept)",-0.0192273272943914,0.0322301073406626,0.0329425082784613,0.58366312400573,0.559447
7540,"dEDz",0.0186936317350254,0.0230797941108633,0.0233429183757044,0.800826676174388,0.423232
7540,"ppt",0.00290410123166319,0.00683831158864014,0.00693045043789237,0.419034990248968,0.6751906
7540,"tmin",0.0524214469616281,0.321640418322047,0.328130977847862,0.159757689765985,0.873072
7540,"tmax",-0.0154800506671872,0.36267876644026,0.371531132530666,0.0416655545438294,0.9667653
5400,"(Intercept)",-0.220899222129149,0.0759762437806118,0.0761259852310694,2.90175846603024,0.0037107
5400,"tmax",1.7971264527654,2.28310589545535,2.28622559706792,0.786066980909589,0.4318282
5400,"tmin",-0.493335901522963,1.19818515408995,1.20041810350969,0.410970061248313,0.6810945
5400,"dEDz",0.00984028200191644,0.0284041277283261,0.0284614027185582,0.345741286865671,0.7295372
5400,"ppt",0.00071094402804817,0.00720240746698659,0.00722216156152428,0.0984392306917766,0.9215835
5900,"(Intercept)",0.177957603234899,0.121458287588626,0.122615104377216,1.4513513986615,0.146682
5900,"tmax",-3.80283269215448,3.41366485579672,3.43816521481701,1.10606455901709,0.2686986
5900,"tmin",-0.363778891894514,1.10531982070606,1.11654282104564,0.325808276259246,0.7445694
5900,"ppt",0.00578599902034526,0.0177994789086976,0.0179829167182837,0.321749753445862,0.7476423
5900,"dEDz",0.00173364767251402,0.0253037720249122,0.0256652225612302,0.0675485150529286,0.946145
3930,"(Intercept)",0.0128972464743413,0.00643146069518246,0.00644959794996163,1.99969774463508,0.0455329
3930,"dEDz",0.00286524112453383,0.00431444331270334,0.00432195362385143,0.66295045572019,0.5073623
3930,"tmax",0.0854048992509579,0.163137754326248,0.163449718719533,0.522514813240555,0.6013119
3930,"ppt",0.00017880306692262,0.000586905564804617,0.000588434285120035,0.303862421759035,0.7612327
3930,"tmin",-0.0211833729313396,0.0888195438214128,0.089073543645528,0.237818908559872,0.8120216
3640,"(Intercept)",0.0187585890634596,0.0413800223339509,0.041818369665557,0.448572940874589,0.6537398
3640,"ppt",0.00539094588643457,0.00503970445800113,0.00508000179399086,1.0612094454005,0.2885947
3640,"tmin",0.43829906961687,0.705511160128575,0.7115485657333,0.615979134418144,0.5379083
3640,"dEDz",-0.00547191447850725,0.0167663599971196,0.0169672093036958,0.322499379866515,0.7470744
3640,"tmax",-0.0153745492688388,0.388329909266284,0.394842644446907,0.0389384213814478,0.9689395
6070,"(Intercept)",0.134349588992269,0.0557820670249494,0.0560935553080804,2.39509847886064,0.0166159
6070,"ppt",0.0116326184880133,0.0109660990825449,0.0110080377550181,1.05673860745168,0.2906309
6070,"tmax",0.538688532213361,1.0332903560515,1.0376847728848,0.519125409073688,0.6036733
6070,"tmin",-0.329689800889746,0.70007626651822,0.70331388804618,0.468766231540842,0.6392367
6070,"dEDz",0.000848838220061151,0.0143009952208214,0.0144120208815102,0.0588979315975152,0.9530334
5620,"(Intercept)",-0.21244335804016,0.138878024551369,0.139904799906716,1.51848512832876,0.1288921
5620,"tmin",0.907821170276209,2.09849048624709,2.11037331023972,0.430170892453662,0.6670713
5620,"ppt",-0.0103509238456523,0.0320811402521795,0.0322959473440226,0.320502251734322,0.7485876
5620,"tmax",0.159858482189342,1.89951203387016,1.91651208721959,0.0834111526117531,0.9335246
5620,"dEDz",-8.3381789604094e-05,0.0307724748371685,0.0310523242705644,0.00268520284915144,0.9978575
5600,"(Intercept)",0.106971635078531,0.0290703352913462,0.0290984480954882,3.67619725723851,0.0002367
5600,"dEDz",-0.0403837188266147,0.0248276645277866,0.0248446559760967,1.62544890400045,0.1040669
5600,"tmax",-0.339769349693953,0.784815358114323,0.785356797386695,0.432630558269246,0.6652832
5600,"ppt",0.000554475804643731,0.00259666035728241,0.00259904605557735,0.213338199011083,0.8310632
5600,"tmin",-0.0110623539533607,0.393441291004399,0.393863837667545,0.0280867469805601,0.977593
4780,"(Intercept)",-0.0210756694905332,0.0691981939271927,0.0698649523562728,0.301662976638972,0.762909
4780,"ppt",0.0309999157399009,0.0112867854520413,0.0114152800448853,2.71565091859404,0.0066146
4780,"tmax",-1.30419468604778,1.69280819698186,1.70214049831365,0.766208598726063,0.4435522
4780,"dEDz",0.0137225352564191,0.0320155150725281,0.0322557060270702,0.425429697458882,0.6705235
4780,"tmin",-0.0874456736205723,0.660503022493769,0.667698144674707,0.130965877796732,0.8958023
6560,"(Intercept)",-0.00598546105814866,0.10705980074334,0.107858814562471,0.0554934808288844,0.9557453
6560,"tmax",3.02044751784824,2.85862097174416,2.87270858176669,1.05142844527261,0.2930619
6560,"dEDz",0.0372129553035686,0.0553565322847544,0.0556511718567957,0.668682330703238,0.5036981
6560,"tmin",-0.0680188982989514,0.765095870965022,0.772834150859075,0.0880122833900937,0.9298669
6560,"ppt",0.00149842488583881,0.00982122329549701,0.00991223861827722,0.151169170108138,0.8798423
5180,"(Intercept)",-0.230004742870601,0.0779042938428725,0.0794847381762972,2.89369693035222,0.0038074
5180,"dEDz",0.0643994038174441,0.0596232599502591,0.0602790804504535,1.06835411781667,0.2853608
5180,"ppt",0.0738801517761368,0.0232928107278041,0.0238501293835098,3.09768347953778,0.0019504
5180,"tmin",0.230257394207213,0.872809888583835,0.887237128238421,0.259521819904428,0.7952326
5180,"tmax",0.0371182918810086,0.821846144310737,0.841886135765732,0.0440894442895748,0.9648331
5850,"(Intercept)",-0.16296469926003,0.108493535002148,0.110782679238632,1.47103049303398,0.1412829
5850,"dEDz",0.0387428267099408,0.0495282313336125,0.0502206684800693,0.771451832133943,0.4404392
5850,"tmin",0.88594995381607,1.50142382489739,1.52447098686356,0.58115238758254,0.5611378
5850,"ppt",0.00123732509578331,0.00723112410998949,0.0074387575956523,0.1663349127691,0.8678934
5850,"tmax",-0.106482859623298,0.818634743511218,0.843222526733925,0.126280852618752,0.8995096
7260,"(Intercept)",-0.0101953256612752,0.0284468820027525,0.0287697025690202,0.354377165937536,0.7230562
7260,"ppt",0.00131557274417881,0.00295350771676476,0.00297925441965886,0.441577844274691,0.6587947
7260,"tmax",0.22852152694976,0.550356523795954,0.55533549194293,0.411501750320766,0.6807047
7260,"tmin",-0.175507986034606,0.448794842290263,0.452982619744854,0.387449713045199,0.6984233
7260,"dEDz",0.00338288784403181,0.0109335506076209,0.0110458277337831,0.306259333891784,0.7594072
7380,"(Intercept)",0.177462260806678,0.105068386507967,0.10615080523126,1.67179382596353,0.094565
7380,"tmax",-3.52212526791893,2.0829536587141,2.09817615230265,1.67866042326978,0.0932182
7380,"tmin",-3.91817368491922,1.26188731718486,1.27648914462207,3.06949236617227,0.0021442
7380,"dEDz",0.00131371845273529,0.0167959600970683,0.016986339078616,0.0773397049626263,0.9383533
7380,"ppt",-0.000192034037927045,0.00646277169476479,0.00653781322073437,0.0293728241299428,0.9765672
7680,"(Intercept)",0.0256720734079742,0.0607850267015655,0.061166738621317,0.419706428471033,0.6746999
7680,"tmin",-0.755164584271687,0.982152226257191,0.986824425061784,0.765247155515438,0.4441244
7680,"dEDz",-0.0064655898400323,0.0181348912362443,0.0182598166226516,0.354088432192229,0.7232726
7680,"ppt",0.00342487678017856,0.00972305583231452,0.00978991939342022,0.349837076542265,0.726461
7680,"tmax",-0.222328674388852,0.815006831425882,0.821581154450197,0.270610728087641,0.7866904
7280,"(Intercept)",0.0832302418385392,0.0366540673943681,0.0368442443651444,2.2589754050507,0.0238849
7280,"tmin",-1.81079447556349,0.648138358554173,0.651559092519792,2.77917152312395,0.0054498
7280,"tmax",0.289637393807324,0.657996406361344,0.660265093439294,0.438668341981574,0.6609019
7280,"ppt",0.000268949181274204,0.00242723573467672,0.00243961668643073,0.110242392901357,0.9122171
7280,"dEDz",-0.000471002331406128,0.0106325572005617,0.0106889378133421,0.0440644654905012,0.964853
6270,"(Intercept)",0.0181985323043715,0.0275374680793226,0.0275658600026646,0.66018373098508,0.5091359
6270,"ppt",-0.00329938617207101,0.00372780740933967,0.00373093518387561,0.884332214167196,0.3765169
6270,"tmax",0.738895694937769,0.717435114685942,0.718037369561505,1.02904908053602,0.3034566
6270,"tmin",-0.508111067245133,0.53628403167258,0.536727207229654,0.946684014525321,0.3437998
6270,"dEDz",0.00467334529849392,0.00977150619527977,0.00978238462159212,0.477730684211567,0.6328419
6460,"(Intercept)",-0.0370334054385355,0.0407597132159086,0.0414859100421189,0.892674293535734,0.3720316
6460,"ppt",0.0101187957471468,0.0101943885940794,0.0102942028142884,0.982960597308403,0.3256268
6460,"tmin",0.297107865825868,0.634635760270042,0.641877082913363,0.462873459319267,0.6434551
6460,"dEDz",-0.00146661795883664,0.0136478674320629,0.0139138801466022,0.105406827095229,0.916053
6460,"tmax",0.0710889192683827,0.51903210243933,0.528722430104403,0.134454139300172,0.8930435
5170,"(Intercept)",-0.0646928412847709,0.0205573023107575,0.0206821178408057,3.1279601916363,0.0017602
5170,"ppt",0.00751096192520349,0.00258951200752199,0.00260921522114276,2.87862874029759,0.0039941
5170,"tmax",0.624296459418448,0.663798172181782,0.666232353884693,0.937055151672351,0.3487302
5170,"dEDz",0.00423176825761694,0.0102717377952142,0.0103221874775941,0.409968164868411,0.6818293
5170,"tmin",-0.0311314188624448,0.256754030847817,0.258575790305828,0.1203957216011,0.9041697
4641,"(Intercept)",-0.139303241270361,0.0917860769063329,0.0940479003382331,1.48119459094113,0.1385547
4641,"tmin",3.81368112776541,2.36637187894828,2.41278061176902,1.58061661684577,0.1139657
4641,"dEDz",0.00669417582234843,0.0306952354302255,0.0314382748482278,0.21293076209383,0.831381
4641,"tmax",-0.0271783082241288,0.737219812594237,0.760606158559504,0.0357324325056758,0.9714957
4641,"ppt",0.000111312420103463,0.00455612158573977,0.00470137045211711,0.0236765898873884,0.9811106
6450,"(Intercept)",0.154214594220259,0.0801606439755946,0.0808936304025641,1.90638735649292,0.0566
6450,"dEDz",0.0504685182847542,0.0627844093640684,0.063061331958351,0.80030847299715,0.4235321
6450,"tmin",-4.60404862605411,1.5789281206882,1.59327267939745,2.88968026979242,0.0038563
6450,"tmax",-0.242449329181387,1.07888142337141,1.08717372413913,0.223008819840058,0.8235286
6450,"ppt",-0.00046378219123662,0.00605980808171181,0.00611445742562839,0.0758500973925674,0.9395384
6650,"(Intercept)",0.0111299589527768,0.0411050014719958,0.0420566127624653,0.264642305257405,0.791285
6650,"dEDz",0.0591637588248723,0.0403446366024248,0.0409172231691271,1.44593777980302,0.1481947
6650,"ppt",0.00170742623930979,0.00473286720170177,0.00481180222374908,0.354841317226763,0.7227085
6650,"tmin",0.150694676705434,0.584018940730272,0.59495156745962,0.253288981738268,0.8000449
6650,"tmax",0.0435673467125396,0.400979344248232,0.410231815374783,0.106201774410736,0.9154223
4050,"(Intercept)",0.0291204605068855,0.0131668656740176,0.01318182075878,2.20913795140851,0.027165
4050,"ppt",0.00100160023961919,0.00113858867245428,0.00113970828628935,0.878821582389462,0.379498
4050,"tmax",0.207869793100298,0.277446477042437,0.277719929272982,0.748487131062081,0.4541664
4050,"tmin",-0.347869503188018,0.303871363896935,0.304175288951299,1.14364813916135,0.2527696
4050,"dEDz",4.31804380199867e-05,0.00264156361647792,0.00264690703607726,0.016313545368779,0.9869843
4680,"(Intercept)",-0.00870997928501837,0.10825625764654,0.109920874541065,0.0792386279802064,0.9368428
4680,"tmax",1.65416857946705,1.86278312367377,1.88170809094205,0.879078209542542,0.3793589
4680,"tmin",-2.60564476041301,1.55884043767285,1.57967146274322,1.64948523909403,0.0990483
4680,"dEDz",-0.0163437301960621,0.037297452636869,0.0377502672389247,0.432943430376828,0.6650559
4680,"ppt",-0.00134196235459786,0.00608524597148447,0.00619027231783088,0.216785673666145,0.8283754
6800,"(Intercept)",-0.0552006679061001,0.0385041494769258,0.0390395456370101,1.4139679907998,0.1573713
6800,"dEDz",0.0616529211757775,0.0407974906955475,0.0411578476505611,1.49796271416387,0.1341429
6800,"tmin",0.0366417526718813,0.350430551145187,0.355117987927682,0.10318191113243,0.9178186
6800,"ppt",-0.000155835964315441,0.00325621681526236,0.00330205195817372,0.0471936742030039,0.9623589
6800,"tmax",-0.0175288658869731,0.478962359826766,0.485742804863766,0.0360867226677486,0.9712132
5330,"(Intercept)",-0.2564727315311,0.289243630111254,0.291766610555677,0.879033865604571,0.3793829
5330,"tmin",-3.78840900818781,4.2021926324159,4.230997838071,0.895393747096555,0.3705766
5330,"dEDz",0.0933168377835935,0.135724689505138,0.136682018606649,0.682729438260241,0.4947778
5330,"ppt",-0.00388782887025737,0.0258917845697452,0.0262382101394312,0.148174317135096,0.8822052
5330,"tmax",0.452059551185496,2.65810880096211,2.69446811069815,0.167773205179394,0.8667617
7480,"(Intercept)",-0.0789266283909242,0.0562077554170182,0.0569523924016231,1.38583516973863,0.1657972
7480,"tmax",-0.711872616823135,1.37599424709236,1.38752074819158,0.513053673432238,0.6079138
7480,"ppt",0.00142287772442568,0.00500356505582645,0.00506284358051409,0.281043192782424,0.7786773
7480,"dEDz",-0.00235070132271108,0.0218546961233177,0.0221744846214227,0.106009287829854,0.915575
7480,"tmin",0.0993228853455486,0.615203571516409,0.62344165141396,0.159313842955929,0.8734216
7590,"(Intercept)",-0.128664626854597,0.0398307318208034,0.0400156409773425,3.21535838767268,0.0013028
7590,"ppt",0.0225699337685124,0.00725146640359039,0.00728572180239553,3.0978308506223,0.0019494
7590,"dEDz",-0.0177595388948402,0.0299723089286841,0.030048909220944,0.59102108380233,0.5545063
7590,"tmin",0.0367268945462785,0.45726958126898,0.459367256467667,0.0799510501220575,0.9362762
7590,"tmax",-0.0702892972041853,0.650644774800935,0.653594329623981,0.107542697386349,0.9143585
3310,"(Intercept)",-0.0152927661169606,0.0186253277799808,0.018703571553716,0.817638816898704,0.4135635
3310,"dEDz",-0.00744948575439068,0.00867220675957462,0.00870509567676329,0.855761502343479,0.3921297
3310,"ppt",0.0059209944724876,0.00447410303728786,0.00449291416362676,1.31785167863258,0.1875533
3310,"tmin",-0.181003140466315,0.336140711610551,0.337563312775079,0.536205012856119,0.5918169
3310,"tmax",0.0951655386722825,0.24461169428062,0.245885442927994,0.387032015962617,0.6987325
6220,"(Intercept)",-0.113638471941481,0.0315920070506188,0.0316616949225362,3.5891468292999,0.0003318
6220,"tmax",0.930155787005629,0.915144795899933,0.916858421217079,1.01450318334961,0.3103427
6220,"tmin",0.772635436824906,0.806394331020421,0.807846497735241,0.956413673873628,0.3388633
6220,"ppt",-0.00135052126680826,0.00307364915267763,0.00308087239840517,0.438356767877619,0.6611277
6220,"dEDz",-0.00137226151984937,0.00679525543042708,0.00681708599300817,0.201297375631876,0.8404661
7130,"(Intercept)",-0.23029665272305,0.140324681668466,0.143522505530277,1.60460306815413,0.1085812
7130,"ppt",-0.00876967189531538,0.0234575123479092,0.0238528699684908,0.367656886022519,0.7131291
7130,"tmin",0.504310626327629,2.33298754647674,2.38050027031465,0.21185069063696,0.8322235
7130,"tmax",0.712761417846887,3.32206645498641,3.39074243444618,0.210208068476691,0.8335053
7130,"dEDz",0.00405794513142418,0.0317452720636168,0.0324675188189245,0.1249847625886,0.9005356
7150,"(Intercept)",-0.0158055245764889,0.0378901736628078,0.0381861888870999,0.413906834830233,0.6789423
7150,"dEDz",0.00641595937071708,0.0149183511829318,0.0149981786892838,0.427782566379295,0.6688094
7150,"tmax",-0.333158498313159,0.850905444988909,0.855717133533053,0.389332508673312,0.6970302
7150,"ppt",-0.00103055334227562,0.00641912285245766,0.00646866007746499,0.159314808620998,0.8734209
7150,"tmin",-0.00666902481803807,0.45854223152457,0.462465102481326,0.014420601213488,0.9884944
5970,"(Intercept)",0.0489321823816557,0.0202912211489969,0.0203288924752337,2.40702647432804,0.016083
5970,"dEDz",0.0103020279594873,0.0138007725747833,0.013815497687989,0.745686343854539,0.4558569
5970,"ppt",0.00424051510977104,0.00353486642355014,0.00353866635304185,1.19833708146174,0.2307858
5970,"tmax",0.302782975337616,0.612269845327064,0.61304093951281,0.49390335265087,0.6213744
5970,"tmin",-0.0210814517747531,0.329303013363428,0.330007666342498,0.0638817031385983,0.9490644
4480,"(Intercept)",0.155313589345892,0.134587011360031,0.136950201991218,1.13408806330824,0.2567576
4480,"tmax",2.26436352289048,3.03955957583502,3.08259208358428,0.734564762865931,0.4626046
4480,"tmin",-1.79507835219214,2.51062677752962,2.54657642123328,0.704898677779637,0.4808733
4480,"dEDz",0.0146799007801608,0.0414995800297536,0.0423248213687482,0.346839048705358,0.7287122
4480,"ppt",0.000639912823689888,0.0102617716915967,0.0105642321757693,0.060573528964805,0.9516989
6810,"(Intercept)",-0.056584812596752,0.0308966002134814,0.0309272376089369,1.82961095045879,0.0673081
6810,"tmax",2.02421859866846,0.779824257243848,0.780625404137073,2.59307292324939,0.0095123
6810,"tmin",-2.35463992771854,0.67302793847723,0.673719024771725,3.49498803082836,0.0004741
6810,"ppt",-0.00215643045234676,0.00325698503000137,0.0032587042581043,0.661744755444986,0.5081348
6810,"dEDz",0.00655883033430947,0.0126147851863982,0.0126223963802915,0.519618473125305,0.6033295
4570,"(Intercept)",0.0167889782397566,0.014489239258945,0.0145798154225586,1.15152200169694,0.2495175
4570,"ppt",-0.0150091640082594,0.00414827523141969,0.00417594526149023,3.59419558169766,0.0003254
4570,"dEDz",-0.00141717111297604,0.00522623462444164,0.00525503537580997,0.269678700832268,0.7874074
4570,"tmin",-0.0641261809459149,0.259616539132967,0.26109532943142,0.245604473605716,0.8059884
4570,"tmax",0.0325497246950585,0.243505128943187,0.245075176676958,0.13281526565199,0.8943395
5730,"(Intercept)",-0.275681003308276,0.216948982461653,0.219023151465404,1.25868430558046,0.2081444
5730,"tmin",2.70024562666696,4.34578535086908,4.37875822430996,0.616669267482218,0.5374529
5730,"dEDz",0.031086112449214,0.0703454633615335,0.0709847126194184,0.437926862025644,0.6614393
5730,"tmax",2.39856161460427,5.20057312044347,5.2466887859957,0.457157211421886,0.6475581
5730,"ppt",0.0087748615047685,0.0277458377354642,0.0280321998552825,0.313027930382528,0.7542594
4750,"(Intercept)",0.135776812332381,0.118670295255388,0.119424476552637,1.13692616666012,0.2555692
4750,"tmax",0.929216437343409,2.66845544952357,2.68166941421711,0.3465067067615,0.7289619
4750,"tmin",-0.244380098708406,1.44456672225053,1.45384164618031,0.168092652559836,0.8665104
4750,"ppt",0.00364574798651728,0.02183457375956,0.0219745433669261,0.165907792741873,0.8682295
4750,"dEDz",-0.00485195283376571,0.0336147216269296,0.0338362355533517,0.143395172495337,0.8859781
5420,"(Intercept)",-0.245241190619905,0.112344754021144,0.112528036964387,2.17937855520858,0.0293036
5420,"dEDz",0.216371447094878,0.0569972490114111,0.0571446894760121,3.7863789107771,0.0001529
5420,"tmax",-4.0320915524812,3.24817578767043,3.25246668528059,1.23970264498908,0.2150854
5420,"tmin",1.60270290769746,2.13747560925326,2.1402895289139,0.748825280900552,0.4539625
5420,"ppt",-0.00765410696470301,0.0127976722360229,0.0128164994527972,0.597207294619943,0.550369
5120,"(Intercept)",0.335237475738314,0.444482618135322,0.448669371111356,0.747181549094669,0.454954
5120,"tmax",-12.0189063885795,15.3395581088587,15.4343329073143,0.77871239792189,0.4361492
5120,"ppt",0.0246571459100517,0.0553411924100202,0.0557851546179454,0.44200192827143,0.6584878
5120,"dEDz",0.0428770565000189,0.1385713668545,0.139904303925715,0.306474177683521,0.7592436
5120,"tmin",-2.07866938710272,7.94817275765136,8.0310201011031,0.258830056572415,0.7957664
4970,"(Intercept)",-0.756992561998299,0.285263597909411,0.287341354775371,2.63447133319907,0.0084268
4970,"tmax",4.73433854475065,8.3828782985438,8.4214231463237,0.562177967131052,0.5739948
4970,"dEDz",-0.0138485309540608,0.108110659553348,0.108972819455453,0.1270824323282,0.8988752
4970,"ppt",0.00622819103235114,0.0448103880137153,0.0451623121433229,0.137906824003739,0.8903141
4970,"tmin",0.201781467555764,3.39703831112313,3.42555225318828,0.0589047991803245,0.9530279
3190,"(Intercept)",-0.239385604549163,0.390773170099248,0.402519118949983,0.594718594171695,0.5520316
3190,"tmin",27.345656713185,9.15804014953894,9.43855834098139,2.89722812799202,0.0037648
3190,"tmax",2.05518067922274,7.22455810452149,7.37807483844487,0.27855243057631,0.7805883
3190,"dEDz",0.00873246450060332,0.0681233333830388,0.0700608336711977,0.124641173149404,0.9008076
3190,"ppt",0.00153767714078323,0.0261816375625238,0.0269820383018496,0.0569889169817771,0.954554
3100,"(Intercept)",0.0669293220908165,0.0271814689466927,0.0272749123590686,2.45387853899238,0.0141325
3100,"dEDz",-0.0132518456895701,0.0184140048784721,0.0184511363381899,0.718212984104488,0.472626
3100,"ppt",-0.00135561680192246,0.00318094307792837,0.00318922883611837,0.425061001132923,0.6707922
3100,"tmin",0.142427151428316,0.478985017994045,0.480502353955425,0.296413014953781,0.7669147
3100,"tmax",0.122863939834297,0.546376809660225,0.548284527955766,0.224087920723179,0.8226889
6850,"(Intercept)",-0.08137688158398,0.0829487344761347,0.0851490327908267,0.9556994239017,0.3392241
6850,"ppt",0.00430448845855171,0.0105062447871309,0.0106952708881362,0.402466520350268,0.6873407
6850,"tmin",-0.400341846530769,1.15984344618576,1.18299132759839,0.338414861707829,0.7350506
6850,"tmax",-0.295764341414999,1.27528991105433,1.30432774860657,0.226756152148851,0.8206134
6850,"dEDz",-0.00446795810927306,0.0382288256785286,0.0392698628456719,0.113775750295637,0.9094156
3940,"(Intercept)",0.0077258786148278,0.0096516031062862,0.00965939041924102,0.799830867115407,0.4238088
3940,"ppt",-0.00129363152448125,0.00117963906800922,0.0011803753654104,1.09594927375621,0.273101
3940,"tmin",0.129473850171025,0.208180701181335,0.208321855729049,0.621508721290499,0.534265
3940,"tmax",0.0604433176094272,0.167482187534361,0.167634268078234,0.360566597166271,0.7184235
3940,"dEDz",0.000473296517781855,0.00262507583757506,0.00262811576454765,0.180089676477139,0.8570822
5460,"(Intercept)",-0.209026161999738,0.0733390212665391,0.0734532133255375,2.84570480359184,0.0044313
5460,"ppt",0.0146459074072544,0.0140683767425174,0.0140840931564445,1.03988998401028,0.298391
5460,"tmin",1.2350331788896,1.78836942708667,1.7905126129626,0.689765137619504,0.4903419
5460,"dEDz",0.00152426562523153,0.0170593154900197,0.017098673618354,0.0891452553135674,0.9289665
5460,"tmax",-0.00714489949965627,0.969553758773604,0.971810697419302,0.00735215152357342,0.9941339
7020,"(Intercept)",-0.333526932838694,0.185332936129376,0.187454722384927,1.77923996043064,0.0752004
7020,"ppt",-0.0503818552714676,0.0765348344374737,0.0770956907882901,0.653497682637276,0.5134355
7020,"tmin",1.45307698431753,3.17658395979711,3.20500450965909,0.453377516299374,0.6502769
7020,"dEDz",0.0164079798262906,0.0507097710420747,0.051239811886786,0.320219361119903,0.748802
7020,"tmax",0.350790167430794,2.67776966472758,2.71524106607069,0.129193010452819,0.8972049
3420,"(Intercept)",0.0527169272513339,0.0225838527343945,0.0227134424607812,2.32095717513358,0.0202892
3420,"ppt",-0.00363742200450405,0.00538216159658183,0.00540252770424622,0.673281508884285,0.5007682
3420,"tmax",-0.27031128920227,0.53227587148807,0.534636794985229,0.50559799051941,0.6131389
3420,"tmin",-0.0537679722458531,0.331827534274885,0.333983669681097,0.160989824134794,0.8721014
3420,"dEDz",-0.00015964947651514,0.00598093618120975,0.00602617021460689,0.0264926928429875,0.9788644
7250,"(Intercept)",0.213812328733905,0.257831300325797,0.261155547574082,0.81871639610969,0.4129482
7250,"dEDz",0.266753223833695,0.24517540192085,0.247248874920367,1.07888549106487,0.2806388
7250,"tmax",-8.89842003760159,8.70083686946873,8.77375126704718,1.01420928936322,0.3104829
7250,"tmin",0.324039104190732,3.41509586306579,3.47325775441795,0.0932954382030985,0.9256689
7250,"ppt",-0.00346921313303422,0.0266627182263165,0.0270924192707108,0.128051064704462,0.8981086
7580,"(Intercept)",0.0372081261730841,0.0642278298231401,0.0649580641174141,0.572802263716311,0.5667786
7580,"ppt",-0.00415850472435788,0.00920312455560068,0.00926778030685276,0.44870557853891,0.6536441
7580,"dEDz",-0.0260484487224633,0.0581806013609564,0.058591856367123,0.444574559291137,0.6566272
7580,"tmin",-0.127653319492892,0.713881296256381,0.721296253830659,0.176977654902478,0.8595259
7580,"tmax",0.0138274967674029,0.903323112885623,0.913986684585765,0.0151287726622294,0.9879294
5140,"(Intercept)",-0.136694989687843,0.166221586540905,0.169001694293701,0.808837983897883,0.4186083
5140,"dEDz",-0.119588036851365,0.154067696834578,0.155663568003226,0.768246792652771,0.4423406
5140,"tmin",-0.972431966503075,2.38366840912085,2.41361854779106,0.402893807471376,0.6870263
5140,"ppt",-0.00763826251631687,0.0148608154818207,0.0150522819499463,0.507448806879686,0.6118399
5140,"tmax",-0.0743687280806054,2.34439868222391,2.39841246986796,0.0310074805793099,0.9752636
4920,"(Intercept)",-0.568795423715957,0.165764256059982,0.170162704527029,3.34265622597465,0.0008298
4920,"dEDz",0.049264113605655,0.0867402438959101,0.0880051454228645,0.559786741660854,0.5756249
4920,"ppt",-0.0216427071872416,0.0494284687449723,0.0502706419440988,0.430523787846362,0.6668147
4920,"tmax",-0.630645795352594,3.08748500974149,3.16086793577537,0.199516654338769,0.8418586
4920,"tmin",0.0757896104232112,2.2227447333078,2.28421251083288,0.0331797545385024,0.9735312
5830,"(Intercept)",-0.00774821051967731,0.0372192924024217,0.0381610129660601,0.203039959305285,0.8391038
5830,"dEDz",0.00204257451898735,0.0142472997661612,0.0145726832141173,0.140164614091701,0.8885299
5830,"ppt",-0.000468770313146935,0.00370698958385897,0.00379394223299553,0.123557577938348,0.9016656
5830,"tmin",-0.0306902124852747,0.316349317727347,0.324067903753863,0.0947030302284569,0.9245507
5830,"tmax",-0.0321008153020992,0.480096917214422,0.492169787746532,0.0652230512747994,0.9479964
5540,"(Intercept)",0.000801316551074736,0.0951341216656722,0.0968636154334862,0.00827262690421647,0.9933995
5540,"ppt",0.0204630927370372,0.0219385957654663,0.0221519112544474,0.923761950018147,0.3556103
5540,"dEDz",0.0252466499226113,0.0602254117671687,0.0609858351243181,0.413975636656391,0.6788919
5540,"tmax",-0.418363744022544,1.63175867398067,1.65707333222654,0.252471472376184,0.8006767
5540,"tmin",-0.364782711960046,1.14710813493304,1.16404713649412,0.313374519401936,0.7539961
6292,"(Intercept)",0.0560393677608222,0.0680061618616847,0.0699309814995125,0.801352512994729,0.4229276
6292,"dEDz",0.0154911224298501,0.0317204544833589,0.0323268087629562,0.479203578164562,0.6317938
6292,"tmin",-0.190902065245536,0.768026162092373,0.786776678599182,0.242638184936325,0.8082857
6292,"tmax",0.135100187885148,0.963784659086774,0.992560291047148,0.136112827708046,0.8917321
6292,"ppt",-0.000486315189250155,0.00845543831382361,0.00873035531086682,0.0557039400956374,0.9555777
7350,"(Intercept)",0.008013571763482,0.0237771179827127,0.0238278462414039,0.33631120841956,0.7366362
7350,"ppt",0.000920692510398638,0.002920662755561,0.00292554276337057,0.314708272914764,0.7529832
7350,"dEDz",0.00203473874990984,0.0102155892969337,0.010235809886395,0.198786297566384,0.8424299
7350,"tmin",-0.0533527537666285,0.355468593124313,0.356211377042892,0.149778354104069,0.8809395
7350,"tmax",-0.000793049093603031,0.445805465576637,0.446809480857868,0.00177491554583933,0.9985838
4770,"(Intercept)",-0.0781246451355106,0.0211311823073951,0.0211500033483295,3.69383606464918,0.0002209
4770,"dEDz",0.0303966541150253,0.0174559969693952,0.0174682071562704,1.74011298601495,0.0818392
4770,"tmax",0.356933493859137,0.648380231343861,0.648757732568985,0.550179945363784,0.582196
4770,"ppt",-0.000421315572704353,0.001714776130832,0.0017162556667368,0.245485320672193,0.8060807
4770,"tmin",0.059605866122239,0.343261309250709,0.343588912147499,0.173480179408848,0.862274
4813,"(Intercept)",-0.0811502286771026,0.0424530285434249,0.043602129059969,1.86115289382982,0.0627226
4813,"dEDz",-0.0381984241585102,0.0283244730560296,0.028785804118439,1.32698826134379,0.1845126
4813,"ppt",0.004348928906425,0.00957287208079894,0.00974282244691278,0.446372591733215,0.6553281
4813,"tmin",-0.0535832237254556,0.476299877849038,0.489468098798008,0.109472351430135,0.9128279
4813,"tmax",-0.0218746434309325,0.71758383335275,0.738817664079106,0.0296076345957402,0.97638
5110,"(Intercept)",-0.275502622182118,0.231652098615003,0.231855015347463,1.18825388257935,0.2347334
5110,"dEDz",0.136812449408146,0.129395185634272,0.129453651848839,1.05684503646062,0.2905823
5110,"ppt",-0.0245168829355871,0.0291530838489514,0.029166349411286,0.840587986856532,0.4005788
5110,"tmin",-17.2402270278522,5.37786762707317,5.38299651005114,3.20271933962082,0.0013614
5110,"tmax",1.83153036109109,4.29608551592794,4.29881396529042,0.426054808577266,0.6700679
7040,"(Intercept)",0.06194284896127,0.0372283901228407,0.0372616086771087,1.66237720700781,0.0964372
7040,"ppt",-0.0116716147614713,0.00401185662358235,0.00401752354718721,2.90517644125396,0.0036705
7040,"tmin",0.732594599097837,0.834600482744114,0.835172212725016,0.877177889704344,0.38039
7040,"dEDz",0.00251206766478861,0.00973475779003139,0.0097460740954357,0.257751751134856,0.7965985
7040,"tmax",0.00172744597865628,0.425267366557879,0.425868636565525,0.00405628832540359,0.9967636
4320,"(Intercept)",-0.0642780624169268,0.05693990633898,0.0585731140518198,1.09739875465832,0.2724671
4320,"dEDz",-0.00417725001215936,0.0195174582437666,0.0199703409600936,0.209172693671415,0.8343134
4320,"tmin",-0.078670780444742,0.487291208820316,0.499896676058519,0.157374081910344,0.87495
4320,"ppt",0.000737021599146801,0.00685843124179364,0.0070521321502806,0.104510463423105,0.9167643
4320,"tmax",-0.0390539453382747,0.857071426501078,0.882776898381289,0.044239881458029,0.9647132
6050,"(Intercept)",-2.60512918160768,0.861878234813151,0.868340695984439,3.00012333137771,0.0026987
6050,"ppt",-0.0845907758839747,0.176173937064121,0.177155731301205,0.477493870859596,0.6330105
6050,"dEDz",-0.127031745572179,0.298961624297737,0.300773400131661,0.422350332564555,0.6727693
6050,"tmin",2.65414775849153,14.5702765425318,14.6935046464785,0.180634084403249,0.8566548
6050,"tmax",-0.867298669789466,12.5500330472301,12.6654378767339,0.0684775906076386,0.9454055
5780,"(Intercept)",-0.668671828363341,0.30418790984341,0.306871509955041,2.17899611619634,0.029332
5780,"tmax",15.9615936049959,9.49550330407237,9.56570468752028,1.66862705115912,0.0951913
5780,"dEDz",0.0332337619856538,0.0853733470605021,0.0860360656835861,0.386277100441543,0.6992915
5780,"ppt",-0.00714772255087879,0.0318082150939644,0.0321036989568327,0.222644828575354,0.8238119
5780,"tmin",0.309651413195697,4.05175670187656,4.09735621865948,0.0755734665649852,0.9397584
5380,"(Intercept)",-1.2286578336648,0.449039850422158,0.45834431677137,2.68064376213849,0.0073481
5380,"tmax",21.3332033130371,15.3781505006189,15.6177432844378,1.36595940428183,0.1719517
5380,"ppt",0.0344026052053898,0.085601168836688,0.0872047365306907,0.394503860387013,0.6932091
5380,"dEDz",-0.0394463839225402,0.143521474259406,0.146610869902313,0.269054974906181,0.7878874
5380,"tmin",0.598949289545626,5.85552465846023,6.01879383731111,0.0995131758513939,0.9207308
4440,"(Intercept)",-0.208511809882382,0.022775188307914,0.0228001788087082,9.14518309842132,0
4440,"tmax",2.44589953315144,0.576779046613133,0.577420587647423,4.23590634881367,2.28e-05
4440,"tmin",1.82841052653986,0.51131368798695,0.511880767249889,3.57194613183673,0.0003543
4440,"dEDz",-0.00408008399906617,0.00863239175951207,0.00863837732564978,0.472320650656373,0.6366979
4440,"ppt",0.00074092577434027,0.00186294170219601,0.00186437555460838,0.397412298455021,0.6910634
4021,"(Intercept)",0.0136946499315325,0.0291742366910014,0.0298726122579578,0.458434964216576,0.64664
4021,"tmin",0.159813014745753,0.355010399131642,0.361791163710946,0.441727247029826,0.6586866
4021,"ppt",-0.000996414205986857,0.00398593806200358,0.00407769811402414,0.244357031375118,0.8069543
4021,"dEDz",0.000659510102882299,0.00720091157248697,0.00741431213735328,0.0889509492808766,0.9291209
4021,"tmax",0.0155267895694907,0.321235644323744,0.331072922988509,0.0468983975775922,0.9625942
7490,"(Intercept)",-0.1117680428266,0.0905077867272685,0.0920718281341419,1.21392227233462,0.2247774
7490,"dEDz",0.029897183310639,0.0594942952213033,0.0600994973772595,0.497461453345724,0.6188637
7490,"ppt",-0.00270279427329019,0.0115292003287447,0.0116949932836551,0.231106953867824,0.8172317
7490,"tmin",-0.105612426729744,0.910662055818233,0.925895704681416,0.114065143833974,0.9091862
7490,"tmax",-0.102693752304707,1.092819166844,1.11148028518851,0.0923936786582678,0.9263853
4060,"(Intercept)",-0.0575824222933556,0.0261293440723972,0.0261908398116281,2.19857105413589,0.0279084
4060,"dEDz",0.0424778552137234,0.0115752412045424,0.0116100909210528,3.65870134028818,0.0002535
4060,"tmax",-0.794278380485662,0.740429849736797,0.741478530284898,1.07120887260279,0.2840755
4060,"tmin",2.01884287202655,0.588740226082318,0.590502722156992,3.41885447141058,0.0006289
4060,"ppt",-0.000427311519952755,0.00157027806383162,0.001574161668864,0.271453389067163,0.7860423
5060,"(Intercept)",0.0589922822866948,0.0297801463487046,0.0298159459828633,1.97854806688343,0.0478669
5060,"dEDz",0.0303866751816046,0.0142563824573427,0.0142790514189382,2.12805979123395,0.0333321
5060,"tmin",-0.96580950215709,0.751464625589746,0.75226064380562,1.28387615397656,0.1991853
5060,"tmax",0.302408985136682,0.57493613941381,0.575573127189468,0.525404976103296,0.5993017
5060,"ppt",-0.000381904504456432,0.00160024205335237,0.00160296268468155,0.238249154584844,0.8116879
2930,"(Intercept)",0.0750038256002302,0.203890642359605,0.207549062305377,0.361378773611964,0.7178163
2930,"dEDz",0.0670997491829018,0.0749068284667747,0.0757542589459308,0.885755469283831,0.3757493
2930,"ppt",0.0435417382638882,0.0571931933482771,0.0578459030560059,0.752719483378649,0.4516185
2930,"tmin",0.693820193402015,3.84244401202835,3.91237003151102,0.177340125758516,0.8592412
2930,"tmax",-0.332660822720673,2.4415814031349,2.49523320574732,0.133318529889089,0.8939415
7050,"(Intercept)",-0.074833798806641,0.0153688220878724,0.0153889446693544,4.86282850543124,1.2e-06
7050,"tmin",1.17210055792476,0.396595786330835,0.397115437019805,2.95153612440985,0.003162
7050,"dEDz",0.00180828156331316,0.00522479743115005,0.00522979553124019,0.345765250765807,0.7295191
7050,"ppt",0.000106745397925104,0.000962708495103957,0.00096392597872555,0.110740243837226,0.9118223
7050,"tmax",0.0156488483598029,0.212448450320539,0.212722453496,0.0735646289454682,0.9413568
2890,"(Intercept)",-0.700505671290671,0.0783395992128832,0.0784311307374274,8.93147484556652,0
2890,"dEDz",0.0806464293733155,0.0412883713640048,0.041347053046532,1.95047587267117,0.0511194
2890,"ppt",0.0151595215027913,0.0101913398592787,0.0102027792882997,1.48582274245371,0.137326
2890,"tmax",3.30489528380919,2.69687644490182,2.6994042658129,1.22430542385394,0.220837
2890,"tmin",-0.644276997995679,1.48120918779101,1.48280099185832,0.434499977767238,0.6639254
6040,"(Intercept)",-0.155398977521766,0.158097009301317,0.158407995097923,0.981004635692175,0.3265905
6040,"dEDz",0.128092378927815,0.0921674417704249,0.0923133102835856,1.38758298813374,0.1652641
6040,"ppt",0.0637288227065227,0.0189456481804896,0.0190008257046143,3.35400280478581,0.0007965
6040,"tmax",7.25214194187627,5.42849193889277,5.43688806253367,1.33387736853583,0.182244
6040,"tmin",-1.76849840691328,3.58009859162147,3.58640378895805,0.493111905680614,0.6219335
4660,"(Intercept)",-0.024321736484552,0.0133139481299094,0.0133613010060033,1.82031199458975,0.0687115
4660,"dEDz",0.00376940950232059,0.00870716863191132,0.00872683651520092,0.431933094627681,0.66579
4660,"ppt",0.000289478127626175,0.00135069532101345,0.0013549813587479,0.21363993368416,0.8308279
4660,"tmin",0.0280856774598616,0.202810328978878,0.20351226420776,0.138004839999174,0.8902366
4660,"tmax",-0.022632616252611,0.231994487328212,0.232823312655448,0.0972094074020188,0.9225601
6110,"(Intercept)",0.00316901988027082,0.114382684083601,0.114602376007439,0.0276523052197898,0.9779395
6110,"tmax",3.963011659469,4.66589265648081,4.67115045759886,0.848401629414893,0.3962143
6110,"dEDz",-0.0616649674904405,0.0843792102358909,0.0844751123101052,0.729977928458628,0.4654037
6110,"tmin",-0.322567792903192,1.86315374215795,1.86708506972733,0.172765450344638,0.8628358
6110,"ppt",-0.00132837292923993,0.00783137994379321,0.00784774323286036,0.169268143697378,0.8655857
4230,"(Intercept)",-0.254397210475996,0.0389324768937338,0.0389820079873503,6.52601606768302,0
4230,"dEDz",0.00937119510827842,0.0212542665535174,0.0212719464112113,0.440542436837814,0.6595443
4230,"tmax",0.353938494464117,0.979980130400517,0.980901298287729,0.360829876647075,0.7182266
4230,"ppt",-0.000784754493892385,0.00321574976467827,0.00321940223365393,0.243757827365893,0.8074184
4230,"tmin",-0.0464748070266542,0.644713803843996,0.645592799245838,0.0719878026535374,0.9426116
7550,"(Intercept)",-0.0427851216887705,0.0366327610023649,0.0366859073720146,1.16625496692522,0.2435114
7550,"tmax",0.950102554439434,0.918298551260681,0.919002501030985,1.03384109768315,0.3012105
7550,"tmin",-3.75260704200446,0.730746093012534,0.731939563701874,5.12693564892871,3e-07
7550,"dEDz",-0.00897990703390674,0.0142849745980128,0.0142972504060599,0.628086294837543,0.5299474
7550,"ppt",-0.000487171037982362,0.00179846557193871,0.0018008888360227,0.270516995961998,0.7867625
6240,"(Intercept)",0.134481405641396,0.0611208137248569,0.0611704778172568,2.19846910536079,0.0279157
6240,"tmin",-0.880640810870468,1.30670378792855,1.30759111398841,0.673483324756116,0.5006399
6240,"tmax",0.929541552085917,1.43172912603738,1.43271825271005,0.648795777067578,0.5164704
6240,"dEDz",0.00994782749841185,0.0225608017423627,0.0225803550903233,0.440552305693144,0.6595371
6240,"ppt",0.000214767624218758,0.00323303684322807,0.00323729433118109,0.0663417045988531,0.9471058
6870,"(Intercept)",0.14917234306368,0.0411498931158611,0.0412851959042567,3.61321630663015,0.0003024
6870,"dEDz",-0.0683494649172377,0.0208199831007712,0.0208893510442864,3.27197646170691,0.001068
6870,"tmin",-3.03025623041645,0.910277260502644,0.913307510284136,3.31789260056968,0.000907
6870,"tmax",-0.209593351054712,0.637566302120774,0.639184668655474,0.327907350305495,0.7429817
6870,"ppt",0.000270204624823114,0.00241428107867331,0.00242206602064224,0.111559562175545,0.9111726
6080,"(Intercept)",-0.0265935907583622,0.0151835305183046,0.0152193293271876,1.74735628532959,0.0805756
6080,"ppt",-0.000379575204046752,0.00129304825106935,0.00129554104295934,0.292985858000845,0.769533
6080,"tmax",0.0505966671536729,0.273125405010765,0.273738006301437,0.184836106017213,0.8533576
6080,"tmin",0.0351935201515577,0.253016509253051,0.253611845082796,0.138769228779784,0.8896325
6080,"dEDz",0.000323379859636554,0.00504374505765051,0.00505622332684272,0.063956799123128,0.9490046
7560,"(Intercept)",-0.0523480748485148,0.0549867152486201,0.0551466853832797,0.949251518648598,0.3424927
7560,"dEDz",-0.0332976696182691,0.0391155120902764,0.0391923165512014,0.849596873784395,0.3955493
7560,"ppt",-0.00592267951831262,0.0078411669594288,0.00785698959535557,0.753810278915685,0.4509632
7560,"tmin",-0.403480228470432,0.915540811687931,0.917895868094995,0.439570808078498,0.660248
7560,"tmax",-0.0663116263967476,0.865817690495988,0.869305637428633,0.0762811415705234,0.9391954
4120,"(Intercept)",-0.0381863680322212,0.0126808834696066,0.0126901632362843,3.00913135010248,0.00262
4120,"dEDz",0.00571402096313688,0.00605586124069432,0.00605969258554113,0.94295558437584,0.3457036
4120,"tmax",0.199782522296203,0.275051478931633,0.27523521480668,0.725861051016043,0.467924
4120,"tmin",-0.309228961416511,0.281518377184671,0.281699030166493,1.09772817192074,0.2723232
4120,"ppt",0.000843424544870779,0.00118929026679908,0.00119009195499636,0.708705357875777,0.4785073
6670,"(Intercept)",0.0344034285960142,0.0312725777141574,0.0314414246007787,1.0942070543191,0.2738642
6670,"dEDz",-0.00828318657255942,0.0172794514292109,0.0173401790700909,0.4776874874866,0.6328727
6670,"tmax",-0.197146321552844,0.673727097210593,0.67689747331725,0.291249900205263,0.7708602
6670,"tmin",0.12178388201295,0.538863992093351,0.541665205435561,0.224832388698517,0.8221097
6670,"ppt",3.9004717603887e-05,0.00191844704406064,0.00193027239297666,0.0202068463216935,0.9838784
6730,"(Intercept)",0.0891506194618078,0.0461574286310068,0.046386813348212,1.92189575068631,0.0546189
6730,"ppt",-0.0113389970552321,0.00387957873073236,0.00389886769842287,2.90827951402886,0.0036342
6730,"tmin",-2.50992149123087,0.957937447146963,0.962700963932858,2.60716628035486,0.0091295
6730,"tmax",0.0365213533461704,0.500163814216179,0.502606852444244,0.0726638587766208,0.9420736
6730,"dEDz",7.51040142030838e-06,0.00989777861554026,0.00994711684863762,0.000755032994443714,0.9993976
7310,"(Intercept)",0.0805939186363732,0.0454615848053534,0.0455276785255105,1.77021805737831,0.0766908
7310,"ppt",-0.0107136994443105,0.00390101584101292,0.00390672690983332,2.74237224448524,0.0060997
7310,"tmax",-4.3510853368416,1.05742254601413,1.05897120039595,4.10878533355271,3.98e-05
7310,"tmin",3.33326409601273,0.974883339218293,0.9763094487876,3.41414712328355,0.0006398
7310,"dEDz",-0.00731812055329958,0.0154018060041996,0.0154157911996959,0.474715858466215,0.6349895
5980,"(Intercept)",-0.0390058014805988,0.0726836768104378,0.0727324414504014,0.536291656140789,0.591757
5980,"ppt",0.00449854673107094,0.00617849343373706,0.00618227044894002,0.72765285314269,0.4668261
5980,"tmin",-1.98133923091586,1.6764152980347,1.67741615448466,1.18118525663333,0.2375291
5980,"tmax",1.02162103164186,1.50685973394926,1.5078094436111,0.677553145704637,0.4980551
5980,"dEDz",0.0156950855408294,0.0263103789870666,0.0263280430905967,0.596135667463831,0.5510846
5070,"(Intercept)",-0.0613371122959988,0.0201330912058525,0.0201588278037223,3.04269240717821,0.0023447
5070,"tmax",0.739129083724472,0.722641385890307,0.723238770946129,1.02197104665387,0.3067946
5070,"dEDz",-0.00778790560202795,0.0119529013251967,0.0119634076170235,0.650977200755579,0.5150612
5070,"ppt",0.000284895042352336,0.00163530233964512,0.00163788487232558,0.173940822805099,0.861912
5070,"tmin",-0.0341957268051705,0.269356960362124,0.269802107262436,0.126743735073605,0.8991432
6280,"(Intercept)",0.0323231876919513,0.0132220198663853,0.0132474742718474,2.4399509694193,0.0146893
6280,"dEDz",0.00370402132822272,0.00648952521746653,0.00649980390879616,0.569866626777783,0.5687682
6280,"tmin",-0.15627607030573,0.294532657746141,0.295001794087859,0.529746169134099,0.5962879
6280,"ppt",-0.000325995866448813,0.000921785464712719,0.000923662970879922,0.352938113496371,0.7241348
6280,"tmax",0.0202543889806592,0.186253183173666,0.18676693646151,0.108447401688967,0.9136408
6310,"(Intercept)",0.106705371819999,0.0360137022572389,0.0360861202231879,2.95696437189812,0.0031068
6310,"ppt",-0.0109475910185502,0.00375212742182197,0.00376209259320542,2.90997383698695,0.0036146
6310,"tmin",-0.333411527338927,0.769281523986804,0.770634832130278,0.432645285987492,0.6652725
6310,"tmax",0.343602317827218,0.814212949028277,0.815666911130449,0.421253226210946,0.6735702
6310,"dEDz",0.00610968284688677,0.0150177515017097,0.0150451538930514,0.406089754236979,0.6846767
4090,"(Intercept)",0.0997730134726062,0.0247276679567803,0.0247496676233327,4.0312870051857,5.55e-05
4090,"dEDz",0.00812431466953262,0.0123699659275412,0.0123789673073821,0.656299872824426,0.5116312
4090,"tmin",0.337142278885797,0.55092059509714,0.551335949922081,0.611500626674978,0.5408682
4090,"tmax",0.258577398774363,0.526225884948756,0.526677832561304,0.490959335647119,0.6234552
4090,"ppt",0.000144837566540955,0.00133142509924243,0.00133324394254636,0.10863545816254,0.9134916
7180,"(Intercept)",0.178187419230277,0.0507549762014709,0.050824250515625,3.50595271789589,0.000455
7180,"dEDz",0.0576004127965199,0.0343206996886289,0.0343611922917718,1.6763217151319,0.0936752
7180,"tmax",-1.04032775791273,1.56730221442139,1.56878613336588,0.663141862224826,0.5072397
7180,"ppt",-0.00239048263447527,0.00463599128550482,0.00464079094137352,0.515102417814961,0.6064815
7180,"tmin",0.353829120201052,0.976456637647896,0.977684163511209,0.361905340606446,0.7174228
7660,"(Intercept)",0.0750549448148509,0.0210671934308744,0.0210883323013556,3.55907445606907,0.0003722
7660,"tmax",-0.983472185010647,0.804808216556506,0.805370329836341,1.22114280670173,0.222032
7660,"ppt",-0.000668345768218716,0.00175226513674987,0.00175381075999732,0.38108203203163,0.7031424
7660,"dEDz",0.0029352087102183,0.00823202763795057,0.00823962130223257,0.356231021129938,0.7216676
7660,"tmin",-0.0493399240319307,0.308753792734388,0.30913368989591,0.159607075011928,0.8731906
5630,"(Intercept)",-0.0173323176549722,0.0318575029816791,0.0319058070746439,0.543233951563211,0.5869687
5630,"tmin",-2.30964819259419,0.734540454778562,0.735681929978665,3.13946570994502,0.0016926
5630,"dEDz",-0.00548530467845777,0.0119234712106746,0.0119347827162869,0.459606580936928,0.6457986
5630,"ppt",0.000625622608952263,0.00205247690042684,0.00205492890780031,0.304449758129082,0.7607853
5630,"tmax",0.135364753197086,0.48995868058673,0.490569114158069,0.275934112626319,0.7825987
5870,"(Intercept)",-0.0835424998535864,0.0577161520116859,0.0577747983562962,1.44600244795977,0.1481765
5870,"tmax",4.95839207205591,1.24465919360903,1.24672214668022,3.97714285036096,6.97e-05
5870,"tmin",-0.92578346447631,1.24853152983477,1.2495463433212,0.740895661393117,0.4587567
5870,"ppt",-0.0014655917042344,0.00348902544399285,0.00349289726217471,0.419591987461409,0.6747835
5870,"dEDz",-0.00261308770718825,0.0134799810475621,0.0135001952622911,0.193559252767785,0.846521
6190,"(Intercept)",-0.0070209526824497,0.0492536583591035,0.0493049890013407,0.142398423053269,0.8867653
6190,"tmin",0.960165001438152,1.06763791906225,1.06854964384892,0.89856845394626,0.3688826
6190,"ppt",0.00261931361455416,0.00471410384639232,0.00471875044915415,0.555086276076261,0.5788356
6190,"dEDz",0.0035122395966341,0.0130705072081531,0.0130891216730105,0.26833271814382,0.7884432
6190,"tmax",0.0287423549431427,0.529344919292315,0.530280410820865,0.0542021812547253,0.9567741
5930,"(Intercept)",0.0810569203487056,0.0675723951183631,0.0676407106948442,1.19834519058186,0.2307827
5930,"tmax",-1.60007779732917,1.81690220373159,1.81789586236605,0.880181219647325,0.3787611
5930,"tmin",3.79011148803944,1.45199774378649,1.45368250518654,2.60724847036189,0.0091273
5930,"ppt",-8.84324719484624e-05,0.00289746350022017,0.00290081210342263,0.0304854188398215,0.9756799
5930,"dEDz",0.000603899407324977,0.0138172411277245,0.0138331881011043,0.0436558371729773,0.9651787
6740,"(Intercept)",0.0684442922192354,0.0570182451850175,0.0570955792934007,1.19876692847823,0.2306186
6740,"tmax",1.64008832479588,1.50193880827259,1.50363788590826,1.09074687474052,0.2753843
6740,"tmin",-0.678877775466998,1.04353819090337,1.04478277410836,0.64977887489231,0.5158351
6740,"ppt",-0.0021342632769734,0.00430676728254045,0.0043127509443051,0.494872832800988,0.6206899
6740,"dEDz",0.0057832041530838,0.0166757183100522,0.0167042154710004,0.346212257805451,0.7291832
4520,"(Intercept)",0.00843086566265525,0.0209817393174914,0.0209990961433824,0.401487073781132,0.6880616
4520,"ppt",0.0057819772603683,0.0021275458928096,0.00213028467081979,2.71418056918338,0.006644
4520,"tmax",-0.733563327308877,0.640606458605639,0.641001104611359,1.14440259467827,0.2524567
4520,"dEDz",0.00499575478703502,0.00908045403344099,0.00908710280556071,0.54976320769453,0.5824818
4520,"tmin",0.219207637446947,0.409774334520135,0.410079647027616,0.534548932227755,0.5929618
4900,"(Intercept)",-0.095374158799429,0.0616159646416816,0.0619446837228264,1.53966657132651,0.1236416
4900,"dEDz",0.0382169759162388,0.0531086669782699,0.0532547949770151,0.7176250689301,0.4729885
4900,"tmax",1.73029697505632,2.51648106975018,2.52329188771195,0.685730011451552,0.4928834
4900,"ppt",-0.00128843101698054,0.00491878501729849,0.00494087609500065,0.260769748564272,0.7942701
4900,"tmin",-0.0406226293051357,1.0344116801848,1.04017871747001,0.0390535093853303,0.9688477
6410,"(Intercept)",0.0131613481479095,0.0283794999343163,0.0287132041899174,0.458372672755593,0.6466847
6410,"tmin",-1.86157209154434,0.616777361721201,0.624143104744763,2.98260459403074,0.0028581
6410,"dEDz",0.0035053762086425,0.00886838601726465,0.00893863061366554,0.392160316288651,0.6949398
6410,"tmax",0.155351874362982,0.450067810536249,0.45392222065346,0.342243378478673,0.7321677
6410,"ppt",0.000450421095787603,0.00160229032194534,0.00161744934252788,0.278476168585069,0.7806469
4560,"(Intercept)",0.00334943681380044,0.0154001656425069,0.015413091488922,0.217311161502402,0.8279659
4560,"dEDz",-0.00629788175400233,0.00755455001336867,0.0075598361007085,0.83307120288125,0.4048046
4560,"tmin",-0.391078667321416,0.369640180836753,0.369894956409374,1.0572695316467,0.2903886
4560,"ppt",0.000218109125140059,0.000836910087028317,0.000837881630804953,0.260310188362193,0.7946245
4560,"tmax",0.0246444294783991,0.181627602433146,0.181873611071149,0.135503052549819,0.8922142
6390,"(Intercept)",-0.0269501911694076,0.037350783499777,0.0376957671867316,0.714939452907426,0.4746465
6390,"ppt",-0.00123923247633497,0.00257570346657803,0.00259555349422453,0.477444398311356,0.6330457
6390,"tmin",0.332759609817246,0.795012528188551,0.801714633038757,0.415059917961057,0.678098
6390,"tmax",0.25845494076261,0.625132532184252,0.630445430111567,0.409956085678776,0.6818382
6390,"dEDz",-0.00121853619865759,0.00755155020232752,0.00764363563384766,0.159418404674034,0.8733392
6360,"(Intercept)",0.0269214362919147,0.0273050231757375,0.0274014013890359,0.982483921522597,0.3258615
6360,"tmax",0.935601685918045,0.786343788030166,0.787859968618632,1.18752281266232,0.2350215
6360,"tmin",-1.80820063438287,0.558163443235033,0.560332577179831,3.22701322040492,0.0012509
6360,"ppt",-0.000751639703417957,0.00182166190817411,0.00182627980630017,0.411568753498234,0.6806555
6360,"dEDz",-0.000920309457097761,0.00657524907291527,0.00659935295620462,0.139454498525117,0.889091
4610,"(Intercept)",-0.0389341259615847,0.0147859785587797,0.0148012672604475,2.63045895168895,0.008527
4610,"tmax",0.306123963467558,0.453729667062149,0.454043681985226,0.67421698751337,0.5001734
4610,"dEDz",-0.00502717864770426,0.00820861678577659,0.00821456543056026,0.611983517594477,0.5405487
4610,"ppt",0.0010447420575946,0.00171715693581795,0.00171840650756331,0.607971427596629,0.5432064
4610,"tmin",-0.065417776869787,0.247251505167142,0.24753206183132,0.264280014418358,0.7915642
4940,"(Intercept)",0.0387114601373774,0.077968872130612,0.0782073310225248,0.494985056148099,0.6206107
4940,"tmin",-5.14609261666797,1.99299407165752,1.99912035709585,2.57417848725414,0.0100478
4940,"dEDz",-0.00810970553667198,0.0274629750345263,0.0275305174000384,0.294571490206016,0.7683212
4940,"tmax",-0.154621111113464,1.14577871172579,1.14906549094647,0.134562487805726,0.8929578
4940,"ppt",0.000138664362662908,0.00600435519236791,0.00602282970854109,0.0230231252373391,0.9816318
6840,"(Intercept)",0.0319095498190752,0.0277252504870142,0.0278148134367398,1.14721423142557,0.2512931
6840,"tmax",1.06736804113243,0.936468502501382,0.938566854993083,1.13723176506195,0.2554414
6840,"tmin",-0.187261055213477,0.524840029362435,0.526411099147988,0.355731586048555,0.7220416
6840,"ppt",-0.000426524012496405,0.00152885428849314,0.00153403295146845,0.278040971732787,0.7809809
6840,"dEDz",0.00137876372891972,0.00715785220397666,0.00718551126372591,0.19188108936382,0.8478354
5950,"(Intercept)",-0.0293228318081162,0.0149181710235498,0.0149515199072395,1.96119404515646,0.0498564
5950,"ppt",0.00079143631229897,0.00185965513433073,0.00186284558382502,0.42485341735835,0.6709435
5950,"tmin",-0.100012645964074,0.279847974703995,0.280382267608493,0.356701038254407,0.7213156
5950,"dEDz",-0.000800695980940726,0.00530987876441239,0.00532356435291133,0.150405992650929,0.8804443
5950,"tmax",0.00807571480319035,0.258465256988557,0.259183803625599,0.0311582540661222,0.9751433
6590,"(Intercept)",-0.0597076457004656,0.0654456060333948,0.0656376580713771,0.9096553328508,0.3630043
6590,"tmax",2.25377810796758,1.84712266278157,1.85175593036407,1.21710322133245,0.2235649
6590,"tmin",-1.41626137142428,1.42412145618277,1.42737057479416,0.99221701528247,0.3210917
6590,"dEDz",-0.00925577039939807,0.0215338978768335,0.021599924392355,0.428509388795547,0.6682803
6590,"ppt",-1.14686750219535e-05,0.00292879679050356,0.00294302358052844,0.00389690218516504,0.9968907
6710,"(Intercept)",0.0465966194241754,0.0638148731898362,0.0639189076332532,0.728995866004661,0.4660042
6710,"tmin",-1.33464158313189,1.45116169057035,1.45320464489651,0.918412687310767,0.3584029
6710,"ppt",0.00193561483169337,0.00405210239872291,0.00405930095367565,0.476834522441774,0.63348
6710,"tmax",0.493129351353758,1.07062578700895,1.07257853778874,0.459760599322086,0.6456881
6710,"dEDz",0.00320862693848073,0.0161414987685934,0.0161840156628997,0.198259010947215,0.8428424
6760,"(Intercept)",0.00454052993837197,0.0118261529790909,0.0119305487529644,0.380580141985821,0.7035148
6760,"ppt",-0.0019108351971544,0.00163530839145192,0.00164411993414082,1.16222372679458,0.2451446
6760,"dEDz",-0.00263146274396627,0.00573242362279578,0.0057690166577942,0.456137137411632,0.6482914
6760,"tmin",0.0718039882729542,0.230572529025189,0.232353654135547,0.309028874712968,0.7572996
6760,"tmax",0.0845623344860097,0.240449000035128,0.242270075376174,0.34904159894576,0.7270581
4020,"(Intercept)",0.0701256752786058,0.0472559585763201,0.0474652380800982,1.47741121955963,0.1395654
4020,"tmin",1.47523227086174,1.09780367005037,1.10190851710884,1.33879741190532,0.1806366
4020,"dEDz",0.00107481271723546,0.00974900811671052,0.00980985681312686,0.109564567323472,0.9127547
4020,"ppt",-1.92414876236239e-05,0.00207067634173729,0.00208460703356407,0.00923027089222017,0.9926354
4020,"tmax",0.0265072219817197,0.544031232575901,0.547544562623626,0.0484110769992987,0.9613886
5840,"(Intercept)",0.00851191381038145,0.0303197684240261,0.0305146804766811,0.278944877593791,0.7802871
5840,"dEDz",0.009299190353205,0.0189224074385567,0.018995778422888,0.48953984123127,0.6244596
5840,"ppt",-0.00113457752245825,0.00376118934461305,0.00378073753246724,0.300094231010489,0.7641053
5840,"tmin",-0.105258484176774,0.511206236228285,0.514258191636051,0.204680228509159,0.837822
5840,"tmax",-0.0146944256817706,0.591990266584784,0.596104413689535,0.0246507580623683,0.9803335
5010,"(Intercept)",-0.692146990058386,0.0732061147204898,0.0733039001197954,9.44215776960379,0
5010,"ppt",0.0197836574725638,0.00749285287423297,0.00750327140524678,2.63667091380032,0.0083724
5010,"tmin",5.00923872447753,1.76470216648272,1.76715656969817,2.83463209223906,0.0045878
5010,"dEDz",0.0192617286991864,0.0321431088951253,0.0321672461931922,0.598799430436258,0.5493066
5010,"tmax",0.524873174437888,1.33063932342467,1.33192417988316,0.394071361091988,0.6935284
4670,"(Intercept)",0.00136769940015874,0.0316670216214128,0.0317550898172547,0.0430702419054591,0.9656455
4670,"tmax",-2.05556703774511,0.919701854410174,0.92245308596226,2.22837027598085,0.0258558
4670,"tmin",-0.844688842399283,0.848168349930652,0.849793707832386,0.993992818038011,0.3202264
4670,"ppt",-0.000456144577259625,0.00224875329201095,0.00225682023487774,0.202118259226055,0.8398243
4670,"dEDz",-0.000934154071578862,0.00802171256365256,0.00805217768036335,0.116012600399636,0.9076426
6290,"(Intercept)",-0.0312893756435027,0.0360241842255373,0.036171927645178,0.865018197272488,0.3870288
6290,"tmin",1.11140949937726,0.805402395015128,0.808440308698041,1.37475765052727,0.1692066
6290,"dEDz",-0.00245985604319673,0.00766087548511913,0.00769902063325193,0.319502461465378,0.7493455
6290,"ppt",-0.000482215857261925,0.00171191722600754,0.00172100666345743,0.280194067519282,0.7793286
6290,"tmax",0.0252872940902908,0.319813348609771,0.321928185840084,0.0785494877508244,0.937391
7222,"(Intercept)",-0.014610336362192,0.0737483581401956,0.0744505438346482,0.196242171106782,0.8444206
7222,"ppt",0.0114518956819858,0.0115729097435324,0.0116332220939221,0.984413053367986,0.3249125
7222,"tmin",-5.02408541518725,1.37833595539294,1.39347946253119,3.60542480192801,0.0003116
7222,"dEDz",-0.00864464994850079,0.0288000740243484,0.0290384299995666,0.297696877848761,0.7659345
7222,"tmax",0.128154315628785,1.03352562161788,1.04429837957624,0.122718102541524,0.9023303
6860,"(Intercept)",-0.00154642949234204,0.0434897547145678,0.0442201602621906,0.0349711417410732,0.9721028
6860,"tmin",-0.625198634213933,0.949624420067416,0.962401067285596,0.649623795594153,0.5159353
6860,"dEDz",-0.00842227815832607,0.0169199168373866,0.0171854122061885,0.490082987668645,0.6240752
6860,"tmax",-0.252070560810185,0.73805317016206,0.752001275186029,0.335199645436543,0.7374745
6860,"ppt",0.000272970703069984,0.00238065415470228,0.0024409886927208,0.111827926071104,0.9109598
4661,"(Intercept)",-0.0147107887888658,0.0243749329323857,0.0245097078233717,0.600202535863687,0.5483713
4661,"dEDz",0.00870877359028016,0.0157044202432104,0.0157649601205274,0.552413296557632,0.5806652
4661,"tmin",-0.172700302533052,0.452626917822953,0.454751549648223,0.379768475042351,0.7041173
4661,"ppt",-0.000759005340299014,0.00251589060466534,0.0025292336861036,0.300093006221302,0.7641062
4661,"tmax",0.174289085193061,0.541724763113307,0.544475693711116,0.320104436628045,0.7488892
6540,"(Intercept)",-0.0615004655205252,0.045826346638852,0.0462405835288636,1.33001058436333,0.1835148
6540,"tmin",1.75815901325971,0.883004032415856,0.890977384980613,1.97329252447633,0.0484622
6540,"ppt",0.00164056403724006,0.00298854846538318,0.00300689878026681,0.545600020860858,0.5853409
6540,"tmax",-0.146195842496142,0.530549546406776,0.535445733760575,0.273035778003814,0.7848257
6540,"dEDz",0.000577946141575377,0.00662988284582665,0.00670554023264841,0.0861893481395327,0.9313159
6570,"(Intercept)",-0.00368818557408813,0.0479706075243567,0.0484954683033172,0.0760521694732424,0.9393776
6570,"tmin",0.202199706859792,0.804763665047967,0.812831745465698,0.248759608600111,0.8035467
6570,"ppt",-0.000507276798131113,0.00363835698672892,0.00367780934303911,0.137929063422285,0.8902965
6570,"tmax",-0.111732758610766,0.901977570467574,0.911915089411879,0.122525397274461,0.9024829
6570,"dEDz",0.00127434703474517,0.0187198682844661,0.0189376417607517,0.0672917489328718,0.9463494
6550,"(Intercept)",-0.000810520205804622,0.0525566708731992,0.0528363508905612,0.0153402003004226,0.9877608
6550,"tmax",-1.69556731010834,1.52517580328507,1.53206182769232,1.10672250914462,0.2684139
6550,"tmin",-0.600826662674514,0.907901832882704,0.912189869839793,0.658664037543013,0.5101115
6550,"ppt",-0.00206813065965877,0.00431903937318186,0.00434244670249878,0.476259307562417,0.6338897
6550,"dEDz",0.00351081700551699,0.0156400899015842,0.0157633782223729,0.222719835557464,0.8237536
6620,"(Intercept)",0.127255580083675,0.0454158328073801,0.0458818365024089,2.77355027140193,0.0055448
6620,"tmin",-2.72161520097793,0.989524657878892,0.999988590029013,2.72164625488273,0.0064958
6620,"tmax",0.922430980087645,1.35702118109306,1.36454274125729,0.67600006375595,0.4990406
6620,"dEDz",-0.00625764584809342,0.0182656388092096,0.0184144715493975,0.339822179056676,0.7339904
6620,"ppt",-0.000168394371508436,0.00267393065158343,0.00270346701941958,0.0622883025015,0.9503332
6160,"(Intercept)",-0.0319187364112353,0.208008252564414,0.20997206427194,0.152014204946314,0.8791757
6160,"dEDz",0.0476347142103148,0.117836809286585,0.118625795664279,0.401554433785423,0.688012
6160,"tmin",1.35937480456812,4.2247720201737,4.25669608957923,0.319349743547817,0.7494613
6160,"ppt",0.00723570380849052,0.0262713059276173,0.026492083811142,0.273127016359783,0.7847556
6160,"tmax",0.141897101435509,3.24272140086814,3.27730278124801,0.0432969154535895,0.9654649
4650,"(Intercept)",-0.0198607790018643,0.0258415699072783,0.0258978595575336,0.766888821747695,0.4431476
4650,"tmax",0.995011237478781,0.833644365116986,0.835002992614914,1.19162595377387,0.2334079
4650,"dEDz",0.00582869627650006,0.0107734840269239,0.0107927966900927,0.540054301388863,0.5891596
4650,"tmin",0.223795293489239,0.508349096712775,0.509387947376606,0.439341556159318,0.6604141
4650,"ppt",-8.58980334453013e-05,0.0012200290619503,0.00122387801609262,0.0701851265533317,0.9440463
4280,"(Intercept)",0.00631879076236523,0.00823055051861203,0.00825256793100388,0.765675704240654,0.4438693
4280,"dEDz",-0.00279411402797072,0.00456366214361521,0.00457182125598828,0.611159945133665,0.5410937
4280,"tmin",0.069837955839576,0.178475307295276,0.178892535489118,0.390390552901656,0.6962478
4280,"ppt",1.81721005722067e-05,0.000470547653606725,0.000472115127143664,0.0384908246472622,0.9692963
4280,"tmax",-0.00575949495017097,0.126777218437017,0.127199703471117,0.0452791539052509,0.9638848
3870,"(Intercept)",-0.132639419825632,0.0206369822357323,0.020672806602515,6.41613025149164,0
3870,"ppt",0.00290759129533278,0.00251164600157562,0.00251382826195704,1.15663879642645,0.24742
3870,"tmin",1.38014793850112,0.515302889003657,0.516204986329198,2.67364317480839,0.0075032
3870,"dEDz",0.00138892554264438,0.00567735682919734,0.00568579407051099,0.244279959038256,0.807014
3870,"tmax",-0.0805675017218683,0.319924279166474,0.320391073953889,0.251466124594543,0.8014537
6100,"(Intercept)",0.0649985033443992,0.0321539537938487,0.0322179333371287,2.0174634624839,0.0436472
6100,"ppt",0.00469974081440064,0.00346236468808475,0.00346833705506143,1.35504154867019,0.1754043
6100,"tmin",-0.471600788740093,0.756633390676422,0.75791872503542,0.622231346399383,0.5337898
6100,"tmax",0.431336091839233,0.780207915138471,0.781612529594501,0.551854116339472,0.5810483
6100,"dEDz",-0.00056853678917044,0.00800957513737232,0.00803524983759139,0.070755334390556,0.9435925
7360,"(Intercept)",-0.0103662704274252,0.0273340950920388,0.0273896821218473,0.378473557353065,0.7050788
7360,"dEDz",0.00788468025340811,0.0157872498354812,0.0158067005854463,0.498818852852046,0.617907
7360,"tmin",0.104116845586181,0.520736051944717,0.521741857170281,0.19955624444408,0.8418277
7360,"ppt",0.000290386363911268,0.00185410258475466,0.00185787027171512,0.156300667668897,0.875796
7360,"tmax",-0.0260577492457538,0.509315147108791,0.510428033748863,0.0510507799784653,0.9592851
6480,"(Intercept)",0.0876838013429843,0.0276749056988928,0.0277284469427341,3.16223268919722,0.0015656
6480,"dEDz",0.0194270064757817,0.0169860894891922,0.0170112497963686,1.14200935900246,0.2534501
6480,"tmax",0.460215819579073,0.710442438905153,0.711581511778239,0.646750670108046,0.5177933
6480,"ppt",0.001594327909674,0.00243466341037484,0.00243854066416493,0.653804110426829,0.513238
6480,"tmin",-0.360831395641771,0.606021074152093,0.607042136404783,0.594409142302378,0.5522385
6770,"(Intercept)",-0.0552757994895287,0.0277367115316762,0.0278811829011855,1.98254857713294,0.0474179
6770,"tmax",0.559837286211251,0.952039653825867,0.955069988376154,0.586174095118524,0.5577585
6770,"ppt",-0.00119505327265613,0.00272300222422371,0.0027333172597738,0.437217183033861,0.6619538
6770,"dEDz",-0.00135513418144905,0.0103544753264537,0.0104111754061213,0.130161497485893,0.8964387
6770,"tmin",0.0365480595300206,0.475675986135621,0.478410832494249,0.0763947156870866,0.9391051
6630,"(Intercept)",0.0719182361961897,0.0299460562513478,0.030183150438032,2.38272795094212,0.0171849
6630,"dEDz",0.0342224237670397,0.0245715862032009,0.0246950317939614,1.38580197233874,0.1658074
6630,"ppt",0.000667159250480764,0.00210683461298705,0.00212143984035597,0.314484171452543,0.7531533
6630,"tmin",-0.133892406215389,0.587262347951609,0.591655518857029,0.226301288415334,0.8209671
6630,"tmax",-0.00836382220955,0.444787073555933,0.448871663388026,0.0186329922152379,0.9851339
7290,"(Intercept)",0.0492505024642363,0.0319808161732927,0.0322547308193592,1.52692337567661,0.1267801
7290,"dEDz",0.0488493582360703,0.0297739387235912,0.0299527895776797,1.63087842317271,0.102916
7290,"tmax",1.03318740548884,1.38540911965749,1.39171785628156,0.74238280469387,0.4578554
7290,"ppt",0.00136367109455554,0.00301901040307584,0.00303740236796106,0.448959646881075,0.6534608
7290,"tmin",-0.0175381752700862,0.533844856456871,0.539146229046476,0.0325295334089674,0.9740498
3260,"(Intercept)",0.165057062093862,0.0525738764502171,0.0528687091281643,3.12201801057277,0.0017962
3260,"ppt",0.00171216305571967,0.0048976766434873,0.00491866264571719,0.348095240321166,0.7277687
3260,"tmax",-0.401124979961463,1.40661751864003,1.41328530357404,0.283824489610882,0.7765449
3260,"tmin",-0.209579551340532,0.9878275395653,0.993084704642316,0.211038947997912,0.8328569
3260,"dEDz",-0.00145689970799754,0.0205199657679098,0.0206447028452816,0.0705701466819862,0.9437399
6370,"(Intercept)",0.0230892432517586,0.0337554849556307,0.0340796673526981,0.677507882128157,0.4980838
6370,"dEDz",0.0180622768254577,0.0266459469647476,0.0267839199728558,0.674370175977337,0.500076
6370,"ppt",0.00225591056877291,0.00414044305426511,0.00416442064293359,0.541710543242278,0.5880179
6370,"tmax",0.0664490059315205,0.653120123555268,0.659636507403868,0.100735791887935,0.9197602
6370,"tmin",-0.0177594322819972,0.581954691416093,0.587963759857227,0.0302049777460938,0.9759036
3200,"(Intercept)",-0.119231854687505,0.0724690471425421,0.0738966601209047,1.61349450019021,0.1066371
3200,"dEDz",0.0156217021805799,0.0412212428036396,0.0417683639399941,0.374007998087322,0.7083984
3200,"ppt",0.00227103424261104,0.00735973612316238,0.00746926645730841,0.304050505573933,0.7610894
3200,"tmax",0.123212419956748,1.54043233860499,1.57022041493037,0.0784682320935253,0.9374556
3200,"tmin",0.0443481569263034,1.51245686230162,1.5426563568927,0.028747917012206,0.9770656
3290,"(Intercept)",0.0166177188478912,0.0872377458070883,0.0882829630760845,0.188232454698758,0.8506944
3290,"ppt",-0.00662767309356807,0.00872839168872673,0.00881435954266825,0.751917715800571,0.4521005
3290,"tmin",2.68932059943738,2.562217597596,2.58921117422068,1.03866406348522,0.298961
3290,"tmax",-1.02998797690283,1.82391342034853,1.84484782559933,0.558305114714933,0.5766361
3290,"dEDz",0.00531206694101795,0.0185537823692611,0.0188830818823904,0.281313557506298,0.7784699
6010,"(Intercept)",0.0424164922613294,0.074731356789483,0.0753769901244968,0.56272467488118,0.5736224
6010,"ppt",0.0121974067725302,0.0140300196306166,0.0140884408879966,0.865774067513921,0.3866141
6010,"tmax",9.56611938555829,3.27350794513921,3.30056940954601,2.89832395522145,0.0037516
6010,"dEDz",0.00954666217369283,0.0276630252368226,0.0278333851091249,0.342993212513094,0.7316036
6010,"tmin",-0.0627857819881203,1.49833231761645,1.51128987684489,0.0415444998011882,0.9668618
6330,"(Intercept)",0.0872810082653345,0.0427473833425442,0.0433703482985675,2.01245808921062,0.0441717
6330,"dEDz",-0.0587066124260183,0.028667096653845,0.0290094489594337,2.023706569129,0.0430004
6330,"ppt",0.00161072866009063,0.00521611555262248,0.00527831972353352,0.305159358367239,0.7602448
6330,"tmin",-0.127378877655871,0.844220997558458,0.856334960065411,0.148748893360773,0.8817518
6330,"tmax",0.0860918161587964,0.925285663445279,0.939320753644046,0.0916532673475037,0.9269735
3880,"(Intercept)",-0.0257589004411008,0.0290301770288839,0.0293211396794149,0.878509523256528,0.3796673
3880,"tmax",1.46823271965564,0.586152883685634,0.594601947069691,2.46926994923471,0.0135389
3880,"tmin",-1.3517542660416,0.729608110519515,0.736673028154712,1.83494469646541,0.0665139
3880,"ppt",-0.00171837838368575,0.00307663233881142,0.00309958499672897,0.554389824927909,0.5793121
3880,"dEDz",0.00044513424699172,0.00586240281516571,0.00594673577271675,0.0748535438608133,0.9403312
7240,"(Intercept)",-0.11960071197951,0.0598724232748793,0.060472983262599,1.97775445375588,0.0479564
7240,"dEDz",0.0730493391210039,0.0495660365783073,0.0498841900629,1.46437857423153,0.1430905
7240,"ppt",-0.00156719155402988,0.00841637049958798,0.0084966852037682,0.184447407011719,0.8536625
7240,"tmin",-0.25743202331721,1.49854400321414,1.51317003136233,0.170127624775544,0.8649098
7240,"tmax",-0.237584200641307,1.12879739722226,1.13781913898351,0.2088066481757,0.8345992
4430,"(Intercept)",-0.324822556667438,0.134598359159272,0.135335140261848,2.40013462903254,0.016389
4430,"tmin",7.45614363348949,5.43319272737721,5.4573215151294,1.36626431351328,0.171856
4430,"ppt",0.0102914062191382,0.0150083033997654,0.0150695843508109,0.682925685245223,0.4946538
4430,"tmax",0.806776748116419,2.48382840382424,2.4989960429161,0.322840346387657,0.7468162
4430,"dEDz",-0.00400272334422732,0.0261054535644032,0.0263027522942031,0.152178878447997,0.8790459
5580,"(Intercept)",-0.229912388128454,0.138268249925441,0.139104455805778,1.65280390765818,0.0983708
5580,"tmin",-1.99777501357593,2.74143972798715,2.754632450811,0.725241951240267,0.4683036
5580,"ppt",0.00785528320397851,0.0151697658358507,0.0152535821797124,0.514979570793947,0.6065673
5580,"tmax",-0.928451446556656,2.50665286487749,2.52349941806892,0.367922195625923,0.7129312
5580,"dEDz",0.00018357907208358,0.0444771395479709,0.0449066213238539,0.00408801790630515,0.9967382
5670,"(Intercept)",0.0458911135267861,0.0669310216471979,0.0673488050561017,0.681394621457036,0.4956218
5670,"dEDz",-0.0174873936368917,0.0247731899607915,0.0249106419296103,0.702004937741293,0.4826761
5670,"tmin",-1.05291189494326,1.35236543032959,1.3596292100726,0.774411057914115,0.4386877
5670,"ppt",0.000142164576104177,0.00250198498636066,0.00252901248114417,0.0562134735056189,0.9551717
5670,"tmax",-0.0629137598693077,0.71185164818206,0.719358771600256,0.0874581117977505,0.9303074
6750,"(Intercept)",0.0010366612235759,0.0296456802560312,0.030078810991315,0.0344648338617914,0.9725065
6750,"ppt",-0.00306531592494045,0.0039476959146167,0.00398983874948752,0.768280654283128,0.4423205
6750,"tmax",-0.526957433200882,0.73131839497405,0.739319087910236,0.712760487072481,0.475994
6750,"dEDz",-0.00661501826883357,0.013971446062619,0.0141642290130512,0.467022826497537,0.6404835
6750,"tmin",-0.0672051290589002,0.32106213006712,0.327612894708433,0.20513578721836,0.837466
6790,"(Intercept)",-0.0781614624404402,0.0326041129510008,0.0330098545035229,2.36782208270862,0.0178931
6790,"dEDz",0.0294206356227338,0.0370020239909718,0.037240873382317,0.790009281487571,0.4295223
6790,"ppt",0.00204971609049731,0.0050266693264326,0.00507240835539497,0.404091300795459,0.6861456
6790,"tmin",0.0112170745887282,0.480527019753119,0.487118168647425,0.0230274198555856,0.9816284
6790,"tmax",-0.05744148563986,0.672023552826311,0.680561518107017,0.0844030761533999,0.932736
5610,"(Intercept)",0.198758210162029,0.0816098388487152,0.0823520543413127,2.41351854245512,0.0157993
5610,"tmax",-6.1854078261891,3.24673975673445,3.27212532608251,1.89033341017976,0.0587134
5610,"ppt",-0.00592743049881389,0.0150845455369907,0.0151905799867492,0.390204357172959,0.6963854
5610,"tmin",-0.156518435026124,1.76065776570107,1.77867672177212,0.0879971234290304,0.929879
5610,"dEDz",0.000631200086832106,0.0251291672837394,0.0253964569224016,0.0248538640157848,0.9801715
3960,"(Intercept)",0.0417874380637509,0.0191332304689322,0.0194773733197375,2.145434981287,0.0319181
3960,"ppt",0.00516730039274713,0.00481719958375233,0.00486993667716631,1.06106110516284,0.2886621
3960,"tmax",0.137749911037506,0.433898882016905,0.440739671963958,0.312542572860949,0.7546282
3960,"tmin",-0.131762053092001,0.392448955704236,0.398398990989946,0.330728882532051,0.7408493
3960,"dEDz",0.00106865058253952,0.00468377932330531,0.00476995079268903,0.224038072715017,0.8227277
3850,"(Intercept)",0.00319919236905399,0.0215126712401023,0.0219109225940211,0.146009021542843,0.8839143
3850,"tmin",0.23994792477973,0.519624261384677,0.526794667619206,0.455486624160701,0.6487592
3850,"ppt",-0.000191557056590712,0.00181399657460109,0.00185278273877352,0.103388839167142,0.9176544
3850,"tmax",-0.0250497842030675,0.399382921672825,0.408192483597528,0.0613675783108398,0.9510665
3850,"dEDz",0.00019982306137592,0.00481915441181708,0.00492730262522575,0.0405542497740871,0.9676513
